
> minted-protocol-frontend@1.0.0 dev
> next dev

 ⚠ Warning: Next.js inferred your workspace root, but it may not be correct.
 We detected multiple lockfiles and selected the directory of /Users/luiscuello/Minted-mUSD-Canton/package-lock.json as the root directory.
 To silence this warning, set `outputFileTracingRoot` in your Next.js config, or consider removing one of the lockfiles if it's not needed.
   See https://nextjs.org/docs/app/api-reference/config/next-config-js/output#caveats for more information.
 Detected additional lockfiles: 
   * /Users/luiscuello/Minted-mUSD-Canton/frontend/package-lock.json

   ▲ Next.js 15.5.12
   - Local:        http://localhost:3000
   - Network:      http://192.168.1.101:3000
   - Environments: .env.local

 ✓ Starting...
 ✓ Ready in 1809ms
 ○ Compiling / ...
 ✓ Compiled /api/canton-balances in 1080ms (1735 modules)
 ✓ Compiled (1758 modules)
 GET /api/canton-balances?party=minted-user-33f97321%3A%3A12203f16a8f4b26778d5c8c6847dc055acf5db91e0c5b0846de29ba5ea272ab2a0e4 200 in 670ms
 HEAD / 200 in 1713ms
 GET /?page=mint 200 in 213ms
 GET /api/canton-balances?party=minted-user-33f97321%3A%3A12203f16a8f4b26778d5c8c6847dc055acf5db91e0c5b0846de29ba5ea272ab2a0e4 200 in 191ms
 GET /api/canton-balances?party=minted-user-33f97321%3A%3A12203f16a8f4b26778d5c8c6847dc055acf5db91e0c5b0846de29ba5ea272ab2a0e4 200 in 102ms
Canton balances API error: Canton API 413: {"code":"JSON_API_MAXIMUM_LIST_ELEMENTS_NUMBER_REACHED","cause":"The number of matching elements (201) is greater than the node limit (200).","correlationId":"938016a49e039737f03f5b98e00a5042","traceId":"938016a49e039737f03f5b98e00a5042","context":{},"resources":[],"errorCategory":2,"grpcCodeValue":10,"retryInfo":"1 second","definiteAnswer":false}
 GET /api/canton-balances 502 in 342ms
Canton balances API error: Canton API 413: {"code":"JSON_API_MAXIMUM_LIST_ELEMENTS_NUMBER_REACHED","cause":"The number of matching elements (201) is greater than the node limit (200).","correlationId":"8eec6b4339b2b7cac4d711f5428964a1","traceId":"8eec6b4339b2b7cac4d711f5428964a1","context":{},"resources":[],"errorCategory":2,"grpcCodeValue":10,"retryInfo":"1 second","definiteAnswer":false}
 GET /api/canton-balances 502 in 87ms
 GET /api/canton-balances?party=minted-user-33f97321%3A%3A12203f16a8f4b26778d5c8c6847dc055acf5db91e0c5b0846de29ba5ea272ab2a0e4 200 in 96ms
 GET /api/canton-balances?party=minted-user-33f97321%3A%3A12203f16a8f4b26778d5c8c6847dc055acf5db91e0c5b0846de29ba5ea272ab2a0e4 200 in 54ms
Canton balances API error: Canton API 413: {"code":"JSON_API_MAXIMUM_LIST_ELEMENTS_NUMBER_REACHED","cause":"The number of matching elements (201) is greater than the node limit (200).","correlationId":"256e012784fa381760b72c15cb64966c","traceId":"256e012784fa381760b72c15cb64966c","context":{},"resources":[],"errorCategory":2,"grpcCodeValue":10,"retryInfo":"1 second","definiteAnswer":false}
 GET /api/canton-balances 502 in 158ms
Canton balances API error: Canton API 413: {"code":"JSON_API_MAXIMUM_LIST_ELEMENTS_NUMBER_REACHED","cause":"The number of matching elements (201) is greater than the node limit (200).","correlationId":"e511f9074d218be1735559233fc651f0","traceId":"e511f9074d218be1735559233fc651f0","context":{},"resources":[],"errorCategory":2,"grpcCodeValue":10,"retryInfo":"1 second","definiteAnswer":false}
 GET /api/canton-balances 502 in 63ms
 GET /api/canton-balances?party=minted-user-33f97321%3A%3A12203f16a8f4b26778d5c8c6847dc055acf5db91e0c5b0846de29ba5ea272ab2a0e4 200 in 72ms
Canton balances API error: Canton API 413: {"code":"JSON_API_MAXIMUM_LIST_ELEMENTS_NUMBER_REACHED","cause":"The number of matching elements (201) is greater than the node limit (200).","correlationId":"9841a7fec78f57f1295a62c13c64758f","traceId":"9841a7fec78f57f1295a62c13c64758f","context":{},"resources":[],"errorCategory":2,"grpcCodeValue":10,"retryInfo":"1 second","definiteAnswer":false}
 GET /api/canton-balances 502 in 295ms
 GET /api/canton-balances?party=minted-user-33f97321%3A%3A12203f16a8f4b26778d5c8c6847dc055acf5db91e0c5b0846de29ba5ea272ab2a0e4 200 in 244ms
Canton balances API error: Canton API 413: {"code":"JSON_API_MAXIMUM_LIST_ELEMENTS_NUMBER_REACHED","cause":"The number of matching elements (201) is greater than the node limit (200).","correlationId":"8364736cace547b317b003108911b83d","traceId":"8364736cace547b317b003108911b83d","context":{},"resources":[],"errorCategory":2,"grpcCodeValue":10,"retryInfo":"1 second","definiteAnswer":false}
 GET /api/canton-balances 502 in 114ms
 GET /api/canton-balances?party=minted-user-33f97321%3A%3A12203f16a8f4b26778d5c8c6847dc055acf5db91e0c5b0846de29ba5ea272ab2a0e4 200 in 473ms
Canton balances API error: Canton API 413: {"code":"JSON_API_MAXIMUM_LIST_ELEMENTS_NUMBER_REACHED","cause":"The number of matching elements (201) is greater than the node limit (200).","correlationId":"683714f1f9b788ea90d39dbf31070d6e","traceId":"683714f1f9b788ea90d39dbf31070d6e","context":{},"resources":[],"errorCategory":2,"grpcCodeValue":10,"retryInfo":"1 second","definiteAnswer":false}
 GET /api/canton-balances 502 in 625ms
 GET /api/canton-balances?party=minted-user-33f97321%3A%3A12203f16a8f4b26778d5c8c6847dc055acf5db91e0c5b0846de29ba5ea272ab2a0e4 200 in 184ms
Canton balances API error: Canton API 413: {"code":"JSON_API_MAXIMUM_LIST_ELEMENTS_NUMBER_REACHED","cause":"The number of matching elements (201) is greater than the node limit (200).","correlationId":"e22e34a70722e50493a9a42c6f1cc93c","traceId":"e22e34a70722e50493a9a42c6f1cc93c","context":{},"resources":[],"errorCategory":2,"grpcCodeValue":10,"retryInfo":"1 second","definiteAnswer":false}
 GET /api/canton-balances 502 in 320ms
 GET /api/canton-balances?party=minted-user-33f97321%3A%3A12203f16a8f4b26778d5c8c6847dc055acf5db91e0c5b0846de29ba5ea272ab2a0e4 200 in 160ms
 GET /api/canton-balances?party=minted-user-33f97321%3A%3A12203f16a8f4b26778d5c8c6847dc055acf5db91e0c5b0846de29ba5ea272ab2a0e4 200 in 49ms
 GET /api/canton-balances?party=minted-user-33f97321%3A%3A12203f16a8f4b26778d5c8c6847dc055acf5db91e0c5b0846de29ba5ea272ab2a0e4 200 in 65ms
Canton balances API error: Canton API 413: {"code":"JSON_API_MAXIMUM_LIST_ELEMENTS_NUMBER_REACHED","cause":"The number of matching elements (201) is greater than the node limit (200).","correlationId":"38c6d0e168e5a759e8707619379d540c","traceId":"38c6d0e168e5a759e8707619379d540c","context":{},"resources":[],"errorCategory":2,"grpcCodeValue":10,"retryInfo":"1 second","definiteAnswer":false}
 GET /api/canton-balances 502 in 110ms
 GET /api/canton-balances?party=minted-user-33f97321%3A%3A12203f16a8f4b26778d5c8c6847dc055acf5db91e0c5b0846de29ba5ea272ab2a0e4 200 in 57ms
Canton balances API error: Canton API 413: {"code":"JSON_API_MAXIMUM_LIST_ELEMENTS_NUMBER_REACHED","cause":"The number of matching elements (201) is greater than the node limit (200).","correlationId":"6d46e5ebf8926758132cb2d48c1f21cb","traceId":"6d46e5ebf8926758132cb2d48c1f21cb","context":{},"resources":[],"errorCategory":2,"grpcCodeValue":10,"retryInfo":"1 second","definiteAnswer":false}
 GET /api/canton-balances 502 in 74ms
 GET /api/canton-balances?party=minted-user-33f97321%3A%3A12203f16a8f4b26778d5c8c6847dc055acf5db91e0c5b0846de29ba5ea272ab2a0e4 200 in 48ms
Canton balances API error: Canton API 413: {"code":"JSON_API_MAXIMUM_LIST_ELEMENTS_NUMBER_REACHED","cause":"The number of matching elements (201) is greater than the node limit (200).","correlationId":"09efd6a631335bf69007d5797e75cfca","traceId":"09efd6a631335bf69007d5797e75cfca","context":{},"resources":[],"errorCategory":2,"grpcCodeValue":10,"retryInfo":"1 second","definiteAnswer":false}
 GET /api/canton-balances 502 in 66ms
 GET /api/canton-balances?party=minted-user-33f97321%3A%3A12203f16a8f4b26778d5c8c6847dc055acf5db91e0c5b0846de29ba5ea272ab2a0e4 200 in 32ms
Canton balances API error: Canton API 413: {"code":"JSON_API_MAXIMUM_LIST_ELEMENTS_NUMBER_REACHED","cause":"The number of matching elements (201) is greater than the node limit (200).","correlationId":"c9b828e9af3dae38552510cae3336ab9","traceId":"c9b828e9af3dae38552510cae3336ab9","context":{},"resources":[],"errorCategory":2,"grpcCodeValue":10,"retryInfo":"1 second","definiteAnswer":false}
 GET /api/canton-balances 502 in 50ms
 GET /api/canton-balances?party=minted-user-33f97321%3A%3A12203f16a8f4b26778d5c8c6847dc055acf5db91e0c5b0846de29ba5ea272ab2a0e4 200 in 39ms
Canton balances API error: Canton API 413: {"code":"JSON_API_MAXIMUM_LIST_ELEMENTS_NUMBER_REACHED","cause":"The number of matching elements (201) is greater than the node limit (200).","correlationId":"5a0c0b4914879b5c7c2f73ff998e1137","traceId":"5a0c0b4914879b5c7c2f73ff998e1137","context":{},"resources":[],"errorCategory":2,"grpcCodeValue":10,"retryInfo":"1 second","definiteAnswer":false}
 GET /api/canton-balances 502 in 60ms
 GET /api/canton-balances?party=minted-user-33f97321%3A%3A12203f16a8f4b26778d5c8c6847dc055acf5db91e0c5b0846de29ba5ea272ab2a0e4 200 in 27ms
Canton balances API error: Canton API 413: {"code":"JSON_API_MAXIMUM_LIST_ELEMENTS_NUMBER_REACHED","cause":"The number of matching elements (201) is greater than the node limit (200).","correlationId":"49a43f1e7031359991f91ddb83cecb69","traceId":"49a43f1e7031359991f91ddb83cecb69","context":{},"resources":[],"errorCategory":2,"grpcCodeValue":10,"retryInfo":"1 second","definiteAnswer":false}
 GET /api/canton-balances 502 in 34ms
 GET /api/canton-balances?party=minted-user-33f97321%3A%3A12203f16a8f4b26778d5c8c6847dc055acf5db91e0c5b0846de29ba5ea272ab2a0e4 200 in 67ms
Canton balances API error: Canton API 413: {"code":"JSON_API_MAXIMUM_LIST_ELEMENTS_NUMBER_REACHED","cause":"The number of matching elements (201) is greater than the node limit (200).","correlationId":"67e2a736f1fd86b068141d0a4f500b33","traceId":"67e2a736f1fd86b068141d0a4f500b33","context":{},"resources":[],"errorCategory":2,"grpcCodeValue":10,"retryInfo":"1 second","definiteAnswer":false}
 GET /api/canton-balances 502 in 73ms
 GET /api/canton-balances?party=minted-user-33f97321%3A%3A12203f16a8f4b26778d5c8c6847dc055acf5db91e0c5b0846de29ba5ea272ab2a0e4 200 in 29ms
Canton balances API error: Canton API 413: {"code":"JSON_API_MAXIMUM_LIST_ELEMENTS_NUMBER_REACHED","cause":"The number of matching elements (201) is greater than the node limit (200).","correlationId":"60bb727f20a2a087753e53a314c5dba4","traceId":"60bb727f20a2a087753e53a314c5dba4","context":{},"resources":[],"errorCategory":2,"grpcCodeValue":10,"retryInfo":"1 second","definiteAnswer":false}
 GET /api/canton-balances 502 in 70ms
 GET /api/canton-balances?party=minted-user-33f97321%3A%3A12203f16a8f4b26778d5c8c6847dc055acf5db91e0c5b0846de29ba5ea272ab2a0e4 200 in 48ms
Canton balances API error: Canton API 413: {"code":"JSON_API_MAXIMUM_LIST_ELEMENTS_NUMBER_REACHED","cause":"The number of matching elements (201) is greater than the node limit (200).","correlationId":"4ce30b937238f4add949920214d2d966","traceId":"4ce30b937238f4add949920214d2d966","context":{},"resources":[],"errorCategory":2,"grpcCodeValue":10,"retryInfo":"1 second","definiteAnswer":false}
 GET /api/canton-balances 502 in 74ms
 GET /api/canton-balances?party=minted-user-33f97321%3A%3A12203f16a8f4b26778d5c8c6847dc055acf5db91e0c5b0846de29ba5ea272ab2a0e4 200 in 31ms
Canton balances API error: Canton API 413: {"code":"JSON_API_MAXIMUM_LIST_ELEMENTS_NUMBER_REACHED","cause":"The number of matching elements (201) is greater than the node limit (200).","correlationId":"8810e48c9913c8d07ac40735290cfcaf","traceId":"8810e48c9913c8d07ac40735290cfcaf","context":{},"resources":[],"errorCategory":2,"grpcCodeValue":10,"retryInfo":"1 second","definiteAnswer":false}
 GET /api/canton-balances 502 in 60ms
 GET /?page=bridge 200 in 224ms
 GET /api/canton-balances?party=minted-user-33f97321%3A%3A12203f16a8f4b26778d5c8c6847dc055acf5db91e0c5b0846de29ba5ea272ab2a0e4 200 in 69ms
Canton balances API error: Canton API 413: {"code":"JSON_API_MAXIMUM_LIST_ELEMENTS_NUMBER_REACHED","cause":"The number of matching elements (201) is greater than the node limit (200).","correlationId":"aab6218e7e721f24679e207c11389e1a","traceId":"aab6218e7e721f24679e207c11389e1a","context":{},"resources":[],"errorCategory":2,"grpcCodeValue":10,"retryInfo":"1 second","definiteAnswer":false}
 GET /api/canton-balances 502 in 100ms
 GET /api/canton-balances?party=minted-user-33f97321%3A%3A12203f16a8f4b26778d5c8c6847dc055acf5db91e0c5b0846de29ba5ea272ab2a0e4 200 in 40ms
Canton balances API error: Canton API 413: {"code":"JSON_API_MAXIMUM_LIST_ELEMENTS_NUMBER_REACHED","cause":"The number of matching elements (201) is greater than the node limit (200).","correlationId":"e0b9cf5cd2a7aa1faa98fb7bf0aa9406","traceId":"e0b9cf5cd2a7aa1faa98fb7bf0aa9406","context":{},"resources":[],"errorCategory":2,"grpcCodeValue":10,"retryInfo":"1 second","definiteAnswer":false}
 GET /api/canton-balances 502 in 40ms
 GET /api/canton-balances?party=minted-user-33f97321%3A%3A12203f16a8f4b26778d5c8c6847dc055acf5db91e0c5b0846de29ba5ea272ab2a0e4 200 in 69ms
Canton balances API error: Canton API 413: {"code":"JSON_API_MAXIMUM_LIST_ELEMENTS_NUMBER_REACHED","cause":"The number of matching elements (201) is greater than the node limit (200).","correlationId":"95aacd46a10bbfed356cbb9e9c1de6d6","traceId":"95aacd46a10bbfed356cbb9e9c1de6d6","context":{},"resources":[],"errorCategory":2,"grpcCodeValue":10,"retryInfo":"1 second","definiteAnswer":false}
 GET /api/canton-balances 502 in 86ms
 GET /api/canton-balances?party=minted-user-33f97321%3A%3A12203f16a8f4b26778d5c8c6847dc055acf5db91e0c5b0846de29ba5ea272ab2a0e4 200 in 67ms
Canton balances API error: Canton API 413: {"code":"JSON_API_MAXIMUM_LIST_ELEMENTS_NUMBER_REACHED","cause":"The number of matching elements (201) is greater than the node limit (200).","correlationId":"949a804c9355de467c356bc92f9095e6","traceId":"949a804c9355de467c356bc92f9095e6","context":{},"resources":[],"errorCategory":2,"grpcCodeValue":10,"retryInfo":"1 second","definiteAnswer":false}
 GET /api/canton-balances 502 in 108ms
 GET /api/canton-balances?party=minted-user-33f97321%3A%3A12203f16a8f4b26778d5c8c6847dc055acf5db91e0c5b0846de29ba5ea272ab2a0e4 200 in 43ms
Canton balances API error: Canton API 413: {"code":"JSON_API_MAXIMUM_LIST_ELEMENTS_NUMBER_REACHED","cause":"The number of matching elements (201) is greater than the node limit (200).","correlationId":"b85fdbdf8cb8928cd4f2e5735a960024","traceId":"b85fdbdf8cb8928cd4f2e5735a960024","context":{},"resources":[],"errorCategory":2,"grpcCodeValue":10,"retryInfo":"1 second","definiteAnswer":false}
 GET /api/canton-balances 502 in 61ms
 GET /api/canton-balances?party=minted-user-33f97321%3A%3A12203f16a8f4b26778d5c8c6847dc055acf5db91e0c5b0846de29ba5ea272ab2a0e4 200 in 39ms
Canton balances API error: Canton API 413: {"code":"JSON_API_MAXIMUM_LIST_ELEMENTS_NUMBER_REACHED","cause":"The number of matching elements (201) is greater than the node limit (200).","correlationId":"d407667e708f3b9d32fecfd4e17640da","traceId":"d407667e708f3b9d32fecfd4e17640da","context":{},"resources":[],"errorCategory":2,"grpcCodeValue":10,"retryInfo":"1 second","definiteAnswer":false}
 GET /api/canton-balances 502 in 53ms
 GET /?page=bridge 200 in 221ms
 GET /api/canton-balances?party=minted-user-33f97321%3A%3A12203f16a8f4b26778d5c8c6847dc055acf5db91e0c5b0846de29ba5ea272ab2a0e4 200 in 100ms
Canton balances API error: Canton API 413: {"code":"JSON_API_MAXIMUM_LIST_ELEMENTS_NUMBER_REACHED","cause":"The number of matching elements (201) is greater than the node limit (200).","correlationId":"eaa2618fbf9c8f959cf48ccc84b0c05f","traceId":"eaa2618fbf9c8f959cf48ccc84b0c05f","context":{},"resources":[],"errorCategory":2,"grpcCodeValue":10,"retryInfo":"1 second","definiteAnswer":false}
 GET /api/canton-balances 502 in 112ms
 GET /api/canton-balances?party=minted-user-33f97321%3A%3A12203f16a8f4b26778d5c8c6847dc055acf5db91e0c5b0846de29ba5ea272ab2a0e4 200 in 55ms
Canton balances API error: Canton API 413: {"code":"JSON_API_MAXIMUM_LIST_ELEMENTS_NUMBER_REACHED","cause":"The number of matching elements (201) is greater than the node limit (200).","correlationId":"6b395a6cfd419e02b287fe89816c2a97","traceId":"6b395a6cfd419e02b287fe89816c2a97","context":{},"resources":[],"errorCategory":2,"grpcCodeValue":10,"retryInfo":"1 second","definiteAnswer":false}
 GET /api/canton-balances 502 in 72ms
 GET /api/canton-balances?party=minted-user-33f97321%3A%3A12203f16a8f4b26778d5c8c6847dc055acf5db91e0c5b0846de29ba5ea272ab2a0e4 200 in 46ms
Canton balances API error: Canton API 413: {"code":"JSON_API_MAXIMUM_LIST_ELEMENTS_NUMBER_REACHED","cause":"The number of matching elements (201) is greater than the node limit (200).","correlationId":"ba3f73a43c3b8e30d61751d52a4bfb9f","traceId":"ba3f73a43c3b8e30d61751d52a4bfb9f","context":{},"resources":[],"errorCategory":2,"grpcCodeValue":10,"retryInfo":"1 second","definiteAnswer":false}
 GET /api/canton-balances 502 in 58ms
 GET /api/canton-balances?party=minted-user-33f97321%3A%3A12203f16a8f4b26778d5c8c6847dc055acf5db91e0c5b0846de29ba5ea272ab2a0e4 200 in 27ms
Canton balances API error: Canton API 413: {"code":"JSON_API_MAXIMUM_LIST_ELEMENTS_NUMBER_REACHED","cause":"The number of matching elements (201) is greater than the node limit (200).","correlationId":"fe012c6c2d83a9fb140d6d4498379ede","traceId":"fe012c6c2d83a9fb140d6d4498379ede","context":{},"resources":[],"errorCategory":2,"grpcCodeValue":10,"retryInfo":"1 second","definiteAnswer":false}
 GET /api/canton-balances 502 in 70ms
 GET /api/canton-balances?party=minted-user-33f97321%3A%3A12203f16a8f4b26778d5c8c6847dc055acf5db91e0c5b0846de29ba5ea272ab2a0e4 200 in 61ms
Canton balances API error: Canton API 413: {"code":"JSON_API_MAXIMUM_LIST_ELEMENTS_NUMBER_REACHED","cause":"The number of matching elements (201) is greater than the node limit (200).","correlationId":"86f1bf648c42813eaa2f1fcbc3043104","traceId":"86f1bf648c42813eaa2f1fcbc3043104","context":{},"resources":[],"errorCategory":2,"grpcCodeValue":10,"retryInfo":"1 second","definiteAnswer":false}
 GET /api/canton-balances 502 in 88ms
 GET /api/canton-balances?party=minted-user-33f97321%3A%3A12203f16a8f4b26778d5c8c6847dc055acf5db91e0c5b0846de29ba5ea272ab2a0e4 200 in 100ms
 GET /api/canton-balances?party=minted-user-33f97321%3A%3A12203f16a8f4b26778d5c8c6847dc055acf5db91e0c5b0846de29ba5ea272ab2a0e4 200 in 40ms
 GET /api/canton-balances?party=minted-user-33f97321%3A%3A12203f16a8f4b26778d5c8c6847dc055acf5db91e0c5b0846de29ba5ea272ab2a0e4 200 in 50ms
Canton balances API error: Canton API 413: {"code":"JSON_API_MAXIMUM_LIST_ELEMENTS_NUMBER_REACHED","cause":"The number of matching elements (201) is greater than the node limit (200).","correlationId":"a9fec5f0136b8fcad14d13b5967580d9","traceId":"a9fec5f0136b8fcad14d13b5967580d9","context":{},"resources":[],"errorCategory":2,"grpcCodeValue":10,"retryInfo":"1 second","definiteAnswer":false}
 GET /api/canton-balances 502 in 99ms
 GET /api/canton-balances?party=minted-user-33f97321%3A%3A12203f16a8f4b26778d5c8c6847dc055acf5db91e0c5b0846de29ba5ea272ab2a0e4 200 in 53ms
Canton balances API error: Canton API 413: {"code":"JSON_API_MAXIMUM_LIST_ELEMENTS_NUMBER_REACHED","cause":"The number of matching elements (201) is greater than the node limit (200).","correlationId":"a77f1387226ebbfe45a1007f03ed9c89","traceId":"a77f1387226ebbfe45a1007f03ed9c89","context":{},"resources":[],"errorCategory":2,"grpcCodeValue":10,"retryInfo":"1 second","definiteAnswer":false}
 GET /api/canton-balances 502 in 92ms
 GET /api/canton-balances?party=minted-user-33f97321%3A%3A12203f16a8f4b26778d5c8c6847dc055acf5db91e0c5b0846de29ba5ea272ab2a0e4 200 in 366ms
Canton balances API error: Canton API 413: {"code":"JSON_API_MAXIMUM_LIST_ELEMENTS_NUMBER_REACHED","cause":"The number of matching elements (201) is greater than the node limit (200).","correlationId":"137aeb7d72761011d31cc762730566e7","traceId":"137aeb7d72761011d31cc762730566e7","context":{},"resources":[],"errorCategory":2,"grpcCodeValue":10,"retryInfo":"1 second","definiteAnswer":false}
 GET /api/canton-balances 502 in 457ms
 GET /api/canton-balances?party=minted-user-33f97321%3A%3A12203f16a8f4b26778d5c8c6847dc055acf5db91e0c5b0846de29ba5ea272ab2a0e4 200 in 157ms
Canton balances API error: Canton API 413: {"code":"JSON_API_MAXIMUM_LIST_ELEMENTS_NUMBER_REACHED","cause":"The number of matching elements (201) is greater than the node limit (200).","correlationId":"9d5411830e085094022b87b0d5ee26bf","traceId":"9d5411830e085094022b87b0d5ee26bf","context":{},"resources":[],"errorCategory":2,"grpcCodeValue":10,"retryInfo":"1 second","definiteAnswer":false}
 GET /api/canton-balances 502 in 154ms
Canton balances API error: Canton API 413: {"code":"JSON_API_MAXIMUM_LIST_ELEMENTS_NUMBER_REACHED","cause":"The number of matching elements (201) is greater than the node limit (200).","correlationId":"fefcb0d6e1fd7e88563c1865a1b75fff","traceId":"fefcb0d6e1fd7e88563c1865a1b75fff","context":{},"resources":[],"errorCategory":2,"grpcCodeValue":10,"retryInfo":"1 second","definiteAnswer":false}
 GET /api/canton-balances 502 in 646ms
 GET /api/canton-balances?party=minted-user-33f97321%3A%3A12203f16a8f4b26778d5c8c6847dc055acf5db91e0c5b0846de29ba5ea272ab2a0e4 200 in 771ms
 GET /api/canton-balances?party=minted-user-33f97321%3A%3A12203f16a8f4b26778d5c8c6847dc055acf5db91e0c5b0846de29ba5ea272ab2a0e4 200 in 699ms
Canton balances API error: Canton API 413: {"code":"JSON_API_MAXIMUM_LIST_ELEMENTS_NUMBER_REACHED","cause":"The number of matching elements (201) is greater than the node limit (200).","correlationId":"67f5cdab2c18e81da263ea4974c3c87f","traceId":"67f5cdab2c18e81da263ea4974c3c87f","context":{},"resources":[],"errorCategory":2,"grpcCodeValue":10,"retryInfo":"1 second","definiteAnswer":false}
 GET /api/canton-balances 502 in 791ms
 GET /api/canton-balances?party=minted-user-33f97321%3A%3A12203f16a8f4b26778d5c8c6847dc055acf5db91e0c5b0846de29ba5ea272ab2a0e4 200 in 166ms
Canton balances API error: Canton API 413: {"code":"JSON_API_MAXIMUM_LIST_ELEMENTS_NUMBER_REACHED","cause":"The number of matching elements (201) is greater than the node limit (200).","correlationId":"e297bdcf28adc9df24f93e528ccb1725","traceId":"e297bdcf28adc9df24f93e528ccb1725","context":{},"resources":[],"errorCategory":2,"grpcCodeValue":10,"retryInfo":"1 second","definiteAnswer":false}
 GET /api/canton-balances 502 in 382ms
 GET /api/canton-balances?party=minted-user-33f97321%3A%3A12203f16a8f4b26778d5c8c6847dc055acf5db91e0c5b0846de29ba5ea272ab2a0e4 200 in 665ms
Canton balances API error: Canton API 413: {"code":"JSON_API_MAXIMUM_LIST_ELEMENTS_NUMBER_REACHED","cause":"The number of matching elements (201) is greater than the node limit (200).","correlationId":"c8bf30d013c7b4d287549ce5f7e66db8","traceId":"c8bf30d013c7b4d287549ce5f7e66db8","context":{},"resources":[],"errorCategory":2,"grpcCodeValue":10,"retryInfo":"1 second","definiteAnswer":false}
 GET /api/canton-balances 502 in 777ms
 GET /api/canton-balances?party=minted-user-33f97321%3A%3A12203f16a8f4b26778d5c8c6847dc055acf5db91e0c5b0846de29ba5ea272ab2a0e4 200 in 176ms
Canton balances API error: Canton API 413: {"code":"JSON_API_MAXIMUM_LIST_ELEMENTS_NUMBER_REACHED","cause":"The number of matching elements (201) is greater than the node limit (200).","correlationId":"d32a940d43105150e375ca8b4b7d0114","traceId":"d32a940d43105150e375ca8b4b7d0114","context":{},"resources":[],"errorCategory":2,"grpcCodeValue":10,"retryInfo":"1 second","definiteAnswer":false}
 GET /api/canton-balances 502 in 150ms
 GET /api/canton-balances?party=minted-user-33f97321%3A%3A12203f16a8f4b26778d5c8c6847dc055acf5db91e0c5b0846de29ba5ea272ab2a0e4 200 in 101ms
Canton balances API error: Canton API 413: {"code":"JSON_API_MAXIMUM_LIST_ELEMENTS_NUMBER_REACHED","cause":"The number of matching elements (201) is greater than the node limit (200).","correlationId":"815f6e8963dd3bb4365bca6baf895f47","traceId":"815f6e8963dd3bb4365bca6baf895f47","context":{},"resources":[],"errorCategory":2,"grpcCodeValue":10,"retryInfo":"1 second","definiteAnswer":false}
 GET /api/canton-balances 502 in 123ms
 GET /api/canton-balances?party=minted-user-33f97321%3A%3A12203f16a8f4b26778d5c8c6847dc055acf5db91e0c5b0846de29ba5ea272ab2a0e4 200 in 209ms
Canton balances API error: Canton API 413: {"code":"JSON_API_MAXIMUM_LIST_ELEMENTS_NUMBER_REACHED","cause":"The number of matching elements (201) is greater than the node limit (200).","correlationId":"1968be76e9c2c2f2961e1a309c788ea8","traceId":"1968be76e9c2c2f2961e1a309c788ea8","context":{},"resources":[],"errorCategory":2,"grpcCodeValue":10,"retryInfo":"1 second","definiteAnswer":false}
 GET /api/canton-balances 502 in 255ms
 GET /api/canton-balances?party=minted-user-33f97321%3A%3A12203f16a8f4b26778d5c8c6847dc055acf5db91e0c5b0846de29ba5ea272ab2a0e4 200 in 79ms
Canton balances API error: Canton API 413: {"code":"JSON_API_MAXIMUM_LIST_ELEMENTS_NUMBER_REACHED","cause":"The number of matching elements (201) is greater than the node limit (200).","correlationId":"538ed833dfa4a9701d8a9f5324a4e9fb","traceId":"538ed833dfa4a9701d8a9f5324a4e9fb","context":{},"resources":[],"errorCategory":2,"grpcCodeValue":10,"retryInfo":"1 second","definiteAnswer":false}
 GET /api/canton-balances 502 in 103ms
 GET /api/canton-balances?party=minted-user-33f97321%3A%3A12203f16a8f4b26778d5c8c6847dc055acf5db91e0c5b0846de29ba5ea272ab2a0e4 200 in 208ms
Canton balances API error: Canton API 413: {"code":"JSON_API_MAXIMUM_LIST_ELEMENTS_NUMBER_REACHED","cause":"The number of matching elements (201) is greater than the node limit (200).","correlationId":"baf74de49faad308d80f5073582d9598","traceId":"baf74de49faad308d80f5073582d9598","context":{},"resources":[],"errorCategory":2,"grpcCodeValue":10,"retryInfo":"1 second","definiteAnswer":false}
 GET /api/canton-balances 502 in 232ms
 GET /api/canton-balances?party=minted-user-33f97321%3A%3A12203f16a8f4b26778d5c8c6847dc055acf5db91e0c5b0846de29ba5ea272ab2a0e4 200 in 211ms
Canton balances API error: Canton API 413: {"code":"JSON_API_MAXIMUM_LIST_ELEMENTS_NUMBER_REACHED","cause":"The number of matching elements (201) is greater than the node limit (200).","correlationId":"6e3c85234b49c596432645ccf1735212","traceId":"6e3c85234b49c596432645ccf1735212","context":{},"resources":[],"errorCategory":2,"grpcCodeValue":10,"retryInfo":"1 second","definiteAnswer":false}
 GET /api/canton-balances 502 in 234ms
 GET /api/canton-balances?party=minted-user-33f97321%3A%3A12203f16a8f4b26778d5c8c6847dc055acf5db91e0c5b0846de29ba5ea272ab2a0e4 200 in 53ms
Canton balances API error: Canton API 413: {"code":"JSON_API_MAXIMUM_LIST_ELEMENTS_NUMBER_REACHED","cause":"The number of matching elements (201) is greater than the node limit (200).","correlationId":"9e4c33f03b6fde3eb0edb19aa03698a0","traceId":"9e4c33f03b6fde3eb0edb19aa03698a0","context":{},"resources":[],"errorCategory":2,"grpcCodeValue":10,"retryInfo":"1 second","definiteAnswer":false}
 GET /api/canton-balances 502 in 78ms
 GET /api/canton-balances?party=minted-user-33f97321%3A%3A12203f16a8f4b26778d5c8c6847dc055acf5db91e0c5b0846de29ba5ea272ab2a0e4 200 in 39ms
Canton balances API error: Canton API 413: {"code":"JSON_API_MAXIMUM_LIST_ELEMENTS_NUMBER_REACHED","cause":"The number of matching elements (201) is greater than the node limit (200).","correlationId":"10ca8574eaeec58941eb2218a26be51e","traceId":"10ca8574eaeec58941eb2218a26be51e","context":{},"resources":[],"errorCategory":2,"grpcCodeValue":10,"retryInfo":"1 second","definiteAnswer":false}
 GET /api/canton-balances 502 in 58ms
 GET /api/canton-balances?party=minted-user-33f97321%3A%3A12203f16a8f4b26778d5c8c6847dc055acf5db91e0c5b0846de29ba5ea272ab2a0e4 200 in 27ms
Canton balances API error: Canton API 413: {"code":"JSON_API_MAXIMUM_LIST_ELEMENTS_NUMBER_REACHED","cause":"The number of matching elements (201) is greater than the node limit (200).","correlationId":"42608088c1e5ca0ac013c62ded25749d","traceId":"42608088c1e5ca0ac013c62ded25749d","context":{},"resources":[],"errorCategory":2,"grpcCodeValue":10,"retryInfo":"1 second","definiteAnswer":false}
 GET /api/canton-balances 502 in 75ms
 GET /api/canton-balances?party=minted-user-33f97321%3A%3A12203f16a8f4b26778d5c8c6847dc055acf5db91e0c5b0846de29ba5ea272ab2a0e4 200 in 83ms
Canton balances API error: Canton API 413: {"code":"JSON_API_MAXIMUM_LIST_ELEMENTS_NUMBER_REACHED","cause":"The number of matching elements (201) is greater than the node limit (200).","correlationId":"38d0bc23f3c176abc5eb5ed40ab9bf69","traceId":"38d0bc23f3c176abc5eb5ed40ab9bf69","context":{},"resources":[],"errorCategory":2,"grpcCodeValue":10,"retryInfo":"1 second","definiteAnswer":false}
 GET /api/canton-balances 502 in 115ms
 GET /api/canton-balances?party=minted-user-33f97321%3A%3A12203f16a8f4b26778d5c8c6847dc055acf5db91e0c5b0846de29ba5ea272ab2a0e4 200 in 131ms
Canton balances API error: Canton API 413: {"code":"JSON_API_MAXIMUM_LIST_ELEMENTS_NUMBER_REACHED","cause":"The number of matching elements (201) is greater than the node limit (200).","correlationId":"d3dbcf347d476f185e2179f67d6c4032","traceId":"d3dbcf347d476f185e2179f67d6c4032","context":{},"resources":[],"errorCategory":2,"grpcCodeValue":10,"retryInfo":"1 second","definiteAnswer":false}
 GET /api/canton-balances 502 in 159ms
 GET /api/canton-balances?party=minted-user-33f97321%3A%3A12203f16a8f4b26778d5c8c6847dc055acf5db91e0c5b0846de29ba5ea272ab2a0e4 200 in 69ms
Canton balances API error: Canton API 413: {"code":"JSON_API_MAXIMUM_LIST_ELEMENTS_NUMBER_REACHED","cause":"The number of matching elements (201) is greater than the node limit (200).","correlationId":"7a041c0d7a9713df3505e7c976e3d237","traceId":"7a041c0d7a9713df3505e7c976e3d237","context":{},"resources":[],"errorCategory":2,"grpcCodeValue":10,"retryInfo":"1 second","definiteAnswer":false}
 GET /api/canton-balances 502 in 84ms
 GET /api/canton-balances?party=minted-user-33f97321%3A%3A12203f16a8f4b26778d5c8c6847dc055acf5db91e0c5b0846de29ba5ea272ab2a0e4 200 in 65ms
Canton balances API error: Canton API 413: {"code":"JSON_API_MAXIMUM_LIST_ELEMENTS_NUMBER_REACHED","cause":"The number of matching elements (201) is greater than the node limit (200).","correlationId":"ec425f5945fbf503a2fab4066876b8ec","traceId":"ec425f5945fbf503a2fab4066876b8ec","context":{},"resources":[],"errorCategory":2,"grpcCodeValue":10,"retryInfo":"1 second","definiteAnswer":false}
 GET /api/canton-balances 502 in 85ms
 GET /api/canton-balances?party=minted-user-33f97321%3A%3A12203f16a8f4b26778d5c8c6847dc055acf5db91e0c5b0846de29ba5ea272ab2a0e4 200 in 110ms
Canton balances API error: Canton API 413: {"code":"JSON_API_MAXIMUM_LIST_ELEMENTS_NUMBER_REACHED","cause":"The number of matching elements (201) is greater than the node limit (200).","correlationId":"b351d12c49ff51798315e97337bb6b90","traceId":"b351d12c49ff51798315e97337bb6b90","context":{},"resources":[],"errorCategory":2,"grpcCodeValue":10,"retryInfo":"1 second","definiteAnswer":false}
 GET /api/canton-balances 502 in 137ms
 GET /api/canton-balances?party=minted-user-33f97321%3A%3A12203f16a8f4b26778d5c8c6847dc055acf5db91e0c5b0846de29ba5ea272ab2a0e4 200 in 231ms
Canton balances API error: Canton API 413: {"code":"JSON_API_MAXIMUM_LIST_ELEMENTS_NUMBER_REACHED","cause":"The number of matching elements (201) is greater than the node limit (200).","correlationId":"7a80b30b33f6bbc88890b88790e02e27","traceId":"7a80b30b33f6bbc88890b88790e02e27","context":{},"resources":[],"errorCategory":2,"grpcCodeValue":10,"retryInfo":"1 second","definiteAnswer":false}
 GET /api/canton-balances 502 in 299ms
 GET /api/canton-balances?party=minted-user-33f97321%3A%3A12203f16a8f4b26778d5c8c6847dc055acf5db91e0c5b0846de29ba5ea272ab2a0e4 200 in 81ms
Canton balances API error: Canton API 413: {"code":"JSON_API_MAXIMUM_LIST_ELEMENTS_NUMBER_REACHED","cause":"The number of matching elements (201) is greater than the node limit (200).","correlationId":"cea09ba586081247d9feca4f6342370b","traceId":"cea09ba586081247d9feca4f6342370b","context":{},"resources":[],"errorCategory":2,"grpcCodeValue":10,"retryInfo":"1 second","definiteAnswer":false}
 GET /api/canton-balances 502 in 110ms
 GET /api/canton-balances?party=minted-user-33f97321%3A%3A12203f16a8f4b26778d5c8c6847dc055acf5db91e0c5b0846de29ba5ea272ab2a0e4 200 in 156ms
Canton balances API error: Canton API 413: {"code":"JSON_API_MAXIMUM_LIST_ELEMENTS_NUMBER_REACHED","cause":"The number of matching elements (201) is greater than the node limit (200).","correlationId":"765aa2d05aa2fb3022e7a7b51baab732","traceId":"765aa2d05aa2fb3022e7a7b51baab732","context":{},"resources":[],"errorCategory":2,"grpcCodeValue":10,"retryInfo":"1 second","definiteAnswer":false}
 GET /api/canton-balances 502 in 178ms
 GET /api/canton-balances?party=minted-user-33f97321%3A%3A12203f16a8f4b26778d5c8c6847dc055acf5db91e0c5b0846de29ba5ea272ab2a0e4 200 in 88ms
Canton balances API error: Canton API 413: {"code":"JSON_API_MAXIMUM_LIST_ELEMENTS_NUMBER_REACHED","cause":"The number of matching elements (201) is greater than the node limit (200).","correlationId":"1b65247a0f8efeb578b03a2b0738ec72","traceId":"1b65247a0f8efeb578b03a2b0738ec72","context":{},"resources":[],"errorCategory":2,"grpcCodeValue":10,"retryInfo":"1 second","definiteAnswer":false}
 GET /api/canton-balances 502 in 148ms
 GET /api/canton-balances?party=minted-user-33f97321%3A%3A12203f16a8f4b26778d5c8c6847dc055acf5db91e0c5b0846de29ba5ea272ab2a0e4 200 in 83ms
Canton balances API error: Canton API 413: {"code":"JSON_API_MAXIMUM_LIST_ELEMENTS_NUMBER_REACHED","cause":"The number of matching elements (201) is greater than the node limit (200).","correlationId":"ffa028a077baf9613587b54638fc572d","traceId":"ffa028a077baf9613587b54638fc572d","context":{},"resources":[],"errorCategory":2,"grpcCodeValue":10,"retryInfo":"1 second","definiteAnswer":false}
 GET /api/canton-balances 502 in 100ms
 GET /api/canton-balances?party=minted-user-33f97321%3A%3A12203f16a8f4b26778d5c8c6847dc055acf5db91e0c5b0846de29ba5ea272ab2a0e4 200 in 151ms
Canton balances API error: Canton API 413: {"code":"JSON_API_MAXIMUM_LIST_ELEMENTS_NUMBER_REACHED","cause":"The number of matching elements (201) is greater than the node limit (200).","correlationId":"1fbcb3023b5386e889c7a68c73d2971e","traceId":"1fbcb3023b5386e889c7a68c73d2971e","context":{},"resources":[],"errorCategory":2,"grpcCodeValue":10,"retryInfo":"1 second","definiteAnswer":false}
 GET /api/canton-balances 502 in 175ms
 GET /api/canton-balances?party=minted-user-33f97321%3A%3A12203f16a8f4b26778d5c8c6847dc055acf5db91e0c5b0846de29ba5ea272ab2a0e4 200 in 54ms
Canton balances API error: Canton API 413: {"code":"JSON_API_MAXIMUM_LIST_ELEMENTS_NUMBER_REACHED","cause":"The number of matching elements (201) is greater than the node limit (200).","correlationId":"4af8ddb3d0d08ea4ae609446f90f7c1a","traceId":"4af8ddb3d0d08ea4ae609446f90f7c1a","context":{},"resources":[],"errorCategory":2,"grpcCodeValue":10,"retryInfo":"1 second","definiteAnswer":false}
 GET /api/canton-balances 502 in 80ms
 GET /api/canton-balances?party=minted-user-33f97321%3A%3A12203f16a8f4b26778d5c8c6847dc055acf5db91e0c5b0846de29ba5ea272ab2a0e4 200 in 85ms
Canton balances API error: Canton API 413: {"code":"JSON_API_MAXIMUM_LIST_ELEMENTS_NUMBER_REACHED","cause":"The number of matching elements (201) is greater than the node limit (200).","correlationId":"80ea8c0b5f5b5f04b556a4d31188797f","traceId":"80ea8c0b5f5b5f04b556a4d31188797f","context":{},"resources":[],"errorCategory":2,"grpcCodeValue":10,"retryInfo":"1 second","definiteAnswer":false}
 GET /api/canton-balances 502 in 107ms
 GET /api/canton-balances?party=minted-user-33f97321%3A%3A12203f16a8f4b26778d5c8c6847dc055acf5db91e0c5b0846de29ba5ea272ab2a0e4 200 in 84ms
Canton balances API error: Canton API 413: {"code":"JSON_API_MAXIMUM_LIST_ELEMENTS_NUMBER_REACHED","cause":"The number of matching elements (201) is greater than the node limit (200).","correlationId":"c58d23c9da74c5b4c8edbdf8523703f9","traceId":"c58d23c9da74c5b4c8edbdf8523703f9","context":{},"resources":[],"errorCategory":2,"grpcCodeValue":10,"retryInfo":"1 second","definiteAnswer":false}
 GET /api/canton-balances 502 in 112ms
 GET /api/canton-balances?party=minted-user-33f97321%3A%3A12203f16a8f4b26778d5c8c6847dc055acf5db91e0c5b0846de29ba5ea272ab2a0e4 200 in 65ms
Canton balances API error: Canton API 413: {"code":"JSON_API_MAXIMUM_LIST_ELEMENTS_NUMBER_REACHED","cause":"The number of matching elements (201) is greater than the node limit (200).","correlationId":"e479c85a36ad8349f0cacfbaa86af19d","traceId":"e479c85a36ad8349f0cacfbaa86af19d","context":{},"resources":[],"errorCategory":2,"grpcCodeValue":10,"retryInfo":"1 second","definiteAnswer":false}
 GET /api/canton-balances 502 in 97ms
 GET /api/canton-balances?party=minted-user-33f97321%3A%3A12203f16a8f4b26778d5c8c6847dc055acf5db91e0c5b0846de29ba5ea272ab2a0e4 200 in 92ms
Canton balances API error: Canton API 413: {"code":"JSON_API_MAXIMUM_LIST_ELEMENTS_NUMBER_REACHED","cause":"The number of matching elements (201) is greater than the node limit (200).","correlationId":"a9454529a4a45052aa64bcc3868e326d","traceId":"a9454529a4a45052aa64bcc3868e326d","context":{},"resources":[],"errorCategory":2,"grpcCodeValue":10,"retryInfo":"1 second","definiteAnswer":false}
 GET /api/canton-balances 502 in 127ms
 GET /api/canton-balances?party=minted-user-33f97321%3A%3A12203f16a8f4b26778d5c8c6847dc055acf5db91e0c5b0846de29ba5ea272ab2a0e4 200 in 91ms
Canton balances API error: Canton API 413: {"code":"JSON_API_MAXIMUM_LIST_ELEMENTS_NUMBER_REACHED","cause":"The number of matching elements (201) is greater than the node limit (200).","correlationId":"4fff9b6202e257ed19a399adcbf3ad36","traceId":"4fff9b6202e257ed19a399adcbf3ad36","context":{},"resources":[],"errorCategory":2,"grpcCodeValue":10,"retryInfo":"1 second","definiteAnswer":false}
 GET /api/canton-balances 502 in 143ms
 GET /api/canton-balances?party=minted-user-33f97321%3A%3A12203f16a8f4b26778d5c8c6847dc055acf5db91e0c5b0846de29ba5ea272ab2a0e4 200 in 153ms
Canton balances API error: Canton API 413: {"code":"JSON_API_MAXIMUM_LIST_ELEMENTS_NUMBER_REACHED","cause":"The number of matching elements (201) is greater than the node limit (200).","correlationId":"99bccd11e6154fd5f09119c5cec5d86f","traceId":"99bccd11e6154fd5f09119c5cec5d86f","context":{},"resources":[],"errorCategory":2,"grpcCodeValue":10,"retryInfo":"1 second","definiteAnswer":false}
 GET /api/canton-balances 502 in 176ms
 GET /api/canton-balances?party=minted-user-33f97321%3A%3A12203f16a8f4b26778d5c8c6847dc055acf5db91e0c5b0846de29ba5ea272ab2a0e4 200 in 167ms
Canton balances API error: Canton API 413: {"code":"JSON_API_MAXIMUM_LIST_ELEMENTS_NUMBER_REACHED","cause":"The number of matching elements (201) is greater than the node limit (200).","correlationId":"133de81be0e365261e72ff1b68741944","traceId":"133de81be0e365261e72ff1b68741944","context":{},"resources":[],"errorCategory":2,"grpcCodeValue":10,"retryInfo":"1 second","definiteAnswer":false}
 GET /api/canton-balances 502 in 214ms
 GET /api/canton-balances?party=minted-user-33f97321%3A%3A12203f16a8f4b26778d5c8c6847dc055acf5db91e0c5b0846de29ba5ea272ab2a0e4 200 in 195ms
Canton balances API error: Canton API 413: {"code":"JSON_API_MAXIMUM_LIST_ELEMENTS_NUMBER_REACHED","cause":"The number of matching elements (201) is greater than the node limit (200).","correlationId":"f1fa387f082695c74fa85b5c60fa96c5","traceId":"f1fa387f082695c74fa85b5c60fa96c5","context":{},"resources":[],"errorCategory":2,"grpcCodeValue":10,"retryInfo":"1 second","definiteAnswer":false}
 GET /api/canton-balances 502 in 276ms
 GET /api/canton-balances?party=minted-user-33f97321%3A%3A12203f16a8f4b26778d5c8c6847dc055acf5db91e0c5b0846de29ba5ea272ab2a0e4 200 in 1125ms
Canton balances API error: Canton API 413: {"code":"JSON_API_MAXIMUM_LIST_ELEMENTS_NUMBER_REACHED","cause":"The number of matching elements (201) is greater than the node limit (200).","correlationId":"be03f32660b58402233ca1e874a18ffc","traceId":"be03f32660b58402233ca1e874a18ffc","context":{},"resources":[],"errorCategory":2,"grpcCodeValue":10,"retryInfo":"1 second","definiteAnswer":false}
 GET /api/canton-balances 502 in 1412ms
 GET /api/canton-balances?party=minted-user-33f97321%3A%3A12203f16a8f4b26778d5c8c6847dc055acf5db91e0c5b0846de29ba5ea272ab2a0e4 200 in 2435ms
Canton balances API error: Canton API 413: {"code":"JSON_API_MAXIMUM_LIST_ELEMENTS_NUMBER_REACHED","cause":"The number of matching elements (201) is greater than the node limit (200).","correlationId":"61562735c53798219bb304101442ad4f","traceId":"61562735c53798219bb304101442ad4f","context":{},"resources":[],"errorCategory":2,"grpcCodeValue":10,"retryInfo":"1 second","definiteAnswer":false}
 GET /api/canton-balances 502 in 3033ms
 GET /api/canton-balances?party=minted-user-33f97321%3A%3A12203f16a8f4b26778d5c8c6847dc055acf5db91e0c5b0846de29ba5ea272ab2a0e4 200 in 84ms
Canton balances API error: Canton API 413: {"code":"JSON_API_MAXIMUM_LIST_ELEMENTS_NUMBER_REACHED","cause":"The number of matching elements (201) is greater than the node limit (200).","correlationId":"9b5f381f42293fc1d4ef04bfae5cf60c","traceId":"9b5f381f42293fc1d4ef04bfae5cf60c","context":{},"resources":[],"errorCategory":2,"grpcCodeValue":10,"retryInfo":"1 second","definiteAnswer":false}
 GET /api/canton-balances 502 in 192ms
 GET /api/canton-balances?party=minted-user-33f97321%3A%3A12203f16a8f4b26778d5c8c6847dc055acf5db91e0c5b0846de29ba5ea272ab2a0e4 200 in 169ms
Canton balances API error: Canton API 413: {"code":"JSON_API_MAXIMUM_LIST_ELEMENTS_NUMBER_REACHED","cause":"The number of matching elements (201) is greater than the node limit (200).","correlationId":"64b80cd02fff5eaa661c236201b31749","traceId":"64b80cd02fff5eaa661c236201b31749","context":{},"resources":[],"errorCategory":2,"grpcCodeValue":10,"retryInfo":"1 second","definiteAnswer":false}
 GET /api/canton-balances 502 in 241ms
 GET /api/canton-balances?party=minted-user-33f97321%3A%3A12203f16a8f4b26778d5c8c6847dc055acf5db91e0c5b0846de29ba5ea272ab2a0e4 200 in 627ms
Canton balances API error: Canton API 413: {"code":"JSON_API_MAXIMUM_LIST_ELEMENTS_NUMBER_REACHED","cause":"The number of matching elements (201) is greater than the node limit (200).","correlationId":"c614ff12d64bc90854ec344e094a2476","traceId":"c614ff12d64bc90854ec344e094a2476","context":{},"resources":[],"errorCategory":2,"grpcCodeValue":10,"retryInfo":"1 second","definiteAnswer":false}
 GET /api/canton-balances 502 in 1051ms
 GET /api/canton-balances?party=minted-user-33f97321%3A%3A12203f16a8f4b26778d5c8c6847dc055acf5db91e0c5b0846de29ba5ea272ab2a0e4 200 in 172ms
Canton balances API error: Canton API 413: {"code":"JSON_API_MAXIMUM_LIST_ELEMENTS_NUMBER_REACHED","cause":"The number of matching elements (201) is greater than the node limit (200).","correlationId":"2a2528b2769d5fe2acbaeca33592c736","traceId":"2a2528b2769d5fe2acbaeca33592c736","context":{},"resources":[],"errorCategory":2,"grpcCodeValue":10,"retryInfo":"1 second","definiteAnswer":false}
 GET /api/canton-balances 502 in 253ms
 GET /api/canton-balances?party=minted-user-33f97321%3A%3A12203f16a8f4b26778d5c8c6847dc055acf5db91e0c5b0846de29ba5ea272ab2a0e4 200 in 106ms
Canton balances API error: Canton API 413: {"code":"JSON_API_MAXIMUM_LIST_ELEMENTS_NUMBER_REACHED","cause":"The number of matching elements (201) is greater than the node limit (200).","correlationId":"6762178c05b008a24c8b15d4af92e1f5","traceId":"6762178c05b008a24c8b15d4af92e1f5","context":{},"resources":[],"errorCategory":2,"grpcCodeValue":10,"retryInfo":"1 second","definiteAnswer":false}
 GET /api/canton-balances 502 in 158ms
 GET /api/canton-balances?party=minted-user-33f97321%3A%3A12203f16a8f4b26778d5c8c6847dc055acf5db91e0c5b0846de29ba5ea272ab2a0e4 200 in 101ms
Canton balances API error: Canton API 413: {"code":"JSON_API_MAXIMUM_LIST_ELEMENTS_NUMBER_REACHED","cause":"The number of matching elements (201) is greater than the node limit (200).","correlationId":"f541e880a947246e80ec3bbee0c79c8b","traceId":"f541e880a947246e80ec3bbee0c79c8b","context":{},"resources":[],"errorCategory":2,"grpcCodeValue":10,"retryInfo":"1 second","definiteAnswer":false}
 GET /api/canton-balances 502 in 170ms
 GET /api/canton-balances?party=minted-user-33f97321%3A%3A12203f16a8f4b26778d5c8c6847dc055acf5db91e0c5b0846de29ba5ea272ab2a0e4 200 in 155ms
Canton balances API error: Canton API 413: {"code":"JSON_API_MAXIMUM_LIST_ELEMENTS_NUMBER_REACHED","cause":"The number of matching elements (201) is greater than the node limit (200).","correlationId":"c70325c34c04d4b20bbc9dc3ff25f026","traceId":"c70325c34c04d4b20bbc9dc3ff25f026","context":{},"resources":[],"errorCategory":2,"grpcCodeValue":10,"retryInfo":"1 second","definiteAnswer":false}
 GET /api/canton-balances 502 in 176ms
 GET /api/canton-balances?party=minted-user-33f97321%3A%3A12203f16a8f4b26778d5c8c6847dc055acf5db91e0c5b0846de29ba5ea272ab2a0e4 200 in 442ms
Canton balances API error: Canton API 413: {"code":"JSON_API_MAXIMUM_LIST_ELEMENTS_NUMBER_REACHED","cause":"The number of matching elements (201) is greater than the node limit (200).","correlationId":"ae2c8cc8528d13f80238e6a428c3e823","traceId":"ae2c8cc8528d13f80238e6a428c3e823","context":{},"resources":[],"errorCategory":2,"grpcCodeValue":10,"retryInfo":"1 second","definiteAnswer":false}
 GET /api/canton-balances 502 in 607ms
 GET /api/canton-balances?party=minted-user-33f97321%3A%3A12203f16a8f4b26778d5c8c6847dc055acf5db91e0c5b0846de29ba5ea272ab2a0e4 200 in 173ms
Canton balances API error: Canton API 413: {"code":"JSON_API_MAXIMUM_LIST_ELEMENTS_NUMBER_REACHED","cause":"The number of matching elements (201) is greater than the node limit (200).","correlationId":"ddd8ca6f65f80e530972108899565453","traceId":"ddd8ca6f65f80e530972108899565453","context":{},"resources":[],"errorCategory":2,"grpcCodeValue":10,"retryInfo":"1 second","definiteAnswer":false}
 GET /api/canton-balances 502 in 218ms
 GET /api/canton-balances?party=minted-user-33f97321%3A%3A12203f16a8f4b26778d5c8c6847dc055acf5db91e0c5b0846de29ba5ea272ab2a0e4 200 in 132ms
Canton balances API error: Canton API 413: {"code":"JSON_API_MAXIMUM_LIST_ELEMENTS_NUMBER_REACHED","cause":"The number of matching elements (201) is greater than the node limit (200).","correlationId":"28b45e9e58a426947e393cf7d031a460","traceId":"28b45e9e58a426947e393cf7d031a460","context":{},"resources":[],"errorCategory":2,"grpcCodeValue":10,"retryInfo":"1 second","definiteAnswer":false}
 GET /api/canton-balances 502 in 174ms
 GET /api/canton-balances?party=minted-user-33f97321%3A%3A12203f16a8f4b26778d5c8c6847dc055acf5db91e0c5b0846de29ba5ea272ab2a0e4 200 in 96ms
Canton balances API error: Canton API 413: {"code":"JSON_API_MAXIMUM_LIST_ELEMENTS_NUMBER_REACHED","cause":"The number of matching elements (201) is greater than the node limit (200).","correlationId":"1d17c6e8604f37a19baec9fb89931b90","traceId":"1d17c6e8604f37a19baec9fb89931b90","context":{},"resources":[],"errorCategory":2,"grpcCodeValue":10,"retryInfo":"1 second","definiteAnswer":false}
 GET /api/canton-balances 502 in 143ms
 GET /api/canton-balances?party=minted-user-33f97321%3A%3A12203f16a8f4b26778d5c8c6847dc055acf5db91e0c5b0846de29ba5ea272ab2a0e4 200 in 455ms
Canton balances API error: Canton API 413: {"code":"JSON_API_MAXIMUM_LIST_ELEMENTS_NUMBER_REACHED","cause":"The number of matching elements (201) is greater than the node limit (200).","correlationId":"e6cab736582552f089c956ea8f37edd0","traceId":"e6cab736582552f089c956ea8f37edd0","context":{},"resources":[],"errorCategory":2,"grpcCodeValue":10,"retryInfo":"1 second","definiteAnswer":false}
 GET /api/canton-balances 502 in 533ms
 GET /api/canton-balances?party=minted-user-33f97321%3A%3A12203f16a8f4b26778d5c8c6847dc055acf5db91e0c5b0846de29ba5ea272ab2a0e4 200 in 487ms
Canton balances API error: Canton API 413: {"code":"JSON_API_MAXIMUM_LIST_ELEMENTS_NUMBER_REACHED","cause":"The number of matching elements (201) is greater than the node limit (200).","correlationId":"04f7bad87126d14277f76df4c065409d","traceId":"04f7bad87126d14277f76df4c065409d","context":{},"resources":[],"errorCategory":2,"grpcCodeValue":10,"retryInfo":"1 second","definiteAnswer":false}
 GET /api/canton-balances 502 in 705ms
 GET /?page=bridge 200 in 353ms
 GET /api/canton-balances?party=minted-user-33f97321%3A%3A12203f16a8f4b26778d5c8c6847dc055acf5db91e0c5b0846de29ba5ea272ab2a0e4 200 in 498ms
Canton balances API error: Canton API 413: {"code":"JSON_API_MAXIMUM_LIST_ELEMENTS_NUMBER_REACHED","cause":"The number of matching elements (201) is greater than the node limit (200).","correlationId":"5dfba76d6b442124d7ea3a75a3a20857","traceId":"5dfba76d6b442124d7ea3a75a3a20857","context":{},"resources":[],"errorCategory":2,"grpcCodeValue":10,"retryInfo":"1 second","definiteAnswer":false}
 GET /api/canton-balances 502 in 672ms
 GET /api/canton-balances?party=minted-user-33f97321%3A%3A12203f16a8f4b26778d5c8c6847dc055acf5db91e0c5b0846de29ba5ea272ab2a0e4 200 in 252ms
Canton balances API error: Canton API 413: {"code":"JSON_API_MAXIMUM_LIST_ELEMENTS_NUMBER_REACHED","cause":"The number of matching elements (201) is greater than the node limit (200).","correlationId":"20267402fd50bc53f80d6df6799b492b","traceId":"20267402fd50bc53f80d6df6799b492b","context":{},"resources":[],"errorCategory":2,"grpcCodeValue":10,"retryInfo":"1 second","definiteAnswer":false}
 GET /api/canton-balances 502 in 205ms
 GET /api/canton-balances?party=minted-user-33f97321%3A%3A12203f16a8f4b26778d5c8c6847dc055acf5db91e0c5b0846de29ba5ea272ab2a0e4 200 in 199ms
Canton balances API error: Canton API 413: {"code":"JSON_API_MAXIMUM_LIST_ELEMENTS_NUMBER_REACHED","cause":"The number of matching elements (201) is greater than the node limit (200).","correlationId":"adef4cd00f204278a5f4bda1a01615e1","traceId":"adef4cd00f204278a5f4bda1a01615e1","context":{},"resources":[],"errorCategory":2,"grpcCodeValue":10,"retryInfo":"1 second","definiteAnswer":false}
 GET /api/canton-balances 502 in 248ms
 GET /api/canton-balances?party=minted-user-33f97321%3A%3A12203f16a8f4b26778d5c8c6847dc055acf5db91e0c5b0846de29ba5ea272ab2a0e4 200 in 62ms
Canton balances API error: Canton API 413: {"code":"JSON_API_MAXIMUM_LIST_ELEMENTS_NUMBER_REACHED","cause":"The number of matching elements (201) is greater than the node limit (200).","correlationId":"d748f073cc1b341f1fd3c63eb530a2b3","traceId":"d748f073cc1b341f1fd3c63eb530a2b3","context":{},"resources":[],"errorCategory":2,"grpcCodeValue":10,"retryInfo":"1 second","definiteAnswer":false}
 GET /api/canton-balances 502 in 138ms
 GET /api/canton-balances?party=minted-user-33f97321%3A%3A12203f16a8f4b26778d5c8c6847dc055acf5db91e0c5b0846de29ba5ea272ab2a0e4 200 in 84ms
Canton balances API error: Canton API 413: {"code":"JSON_API_MAXIMUM_LIST_ELEMENTS_NUMBER_REACHED","cause":"The number of matching elements (201) is greater than the node limit (200).","correlationId":"b2f09d0c881b9803329243aa32d01eca","traceId":"b2f09d0c881b9803329243aa32d01eca","context":{},"resources":[],"errorCategory":2,"grpcCodeValue":10,"retryInfo":"1 second","definiteAnswer":false}
 GET /api/canton-balances 502 in 103ms
 GET /api/canton-balances?party=minted-user-33f97321%3A%3A12203f16a8f4b26778d5c8c6847dc055acf5db91e0c5b0846de29ba5ea272ab2a0e4 200 in 46ms
Canton balances API error: Canton API 413: {"code":"JSON_API_MAXIMUM_LIST_ELEMENTS_NUMBER_REACHED","cause":"The number of matching elements (201) is greater than the node limit (200).","correlationId":"20ad08bd89df2f1137a864c2fe694764","traceId":"20ad08bd89df2f1137a864c2fe694764","context":{},"resources":[],"errorCategory":2,"grpcCodeValue":10,"retryInfo":"1 second","definiteAnswer":false}
 GET /api/canton-balances 502 in 81ms
Canton balances API error: Canton API 413: {"code":"JSON_API_MAXIMUM_LIST_ELEMENTS_NUMBER_REACHED","cause":"The number of matching elements (201) is greater than the node limit (200).","correlationId":"47cad343db7ac00076d6e4a63c25fdf4","traceId":"47cad343db7ac00076d6e4a63c25fdf4","context":{},"resources":[],"errorCategory":2,"grpcCodeValue":10,"retryInfo":"1 second","definiteAnswer":false}
 GET /api/canton-balances 502 in 164ms
Canton balances API error: Canton API 413: {"code":"JSON_API_MAXIMUM_LIST_ELEMENTS_NUMBER_REACHED","cause":"The number of matching elements (201) is greater than the node limit (200).","correlationId":"51178c075f931080296ba35a8592ba50","traceId":"51178c075f931080296ba35a8592ba50","context":{},"resources":[],"errorCategory":2,"grpcCodeValue":10,"retryInfo":"1 second","definiteAnswer":false}
 GET /api/canton-balances 502 in 44ms
 GET /api/canton-balances?party=minted-user-33f97321%3A%3A12203f16a8f4b26778d5c8c6847dc055acf5db91e0c5b0846de29ba5ea272ab2a0e4 200 in 56ms
Canton balances API error: Canton API 413: {"code":"JSON_API_MAXIMUM_LIST_ELEMENTS_NUMBER_REACHED","cause":"The number of matching elements (201) is greater than the node limit (200).","correlationId":"5783d94a3a4c435cd5a53cd36790e6a0","traceId":"5783d94a3a4c435cd5a53cd36790e6a0","context":{},"resources":[],"errorCategory":2,"grpcCodeValue":10,"retryInfo":"1 second","definiteAnswer":false}
 GET /api/canton-balances 502 in 72ms
 GET /api/canton-balances?party=minted-user-33f97321%3A%3A12203f16a8f4b26778d5c8c6847dc055acf5db91e0c5b0846de29ba5ea272ab2a0e4 200 in 32ms
Canton balances API error: Canton API 413: {"code":"JSON_API_MAXIMUM_LIST_ELEMENTS_NUMBER_REACHED","cause":"The number of matching elements (201) is greater than the node limit (200).","correlationId":"0c6e96c01c1a3501566b1870f7a1d661","traceId":"0c6e96c01c1a3501566b1870f7a1d661","context":{},"resources":[],"errorCategory":2,"grpcCodeValue":10,"retryInfo":"1 second","definiteAnswer":false}
 GET /api/canton-balances 502 in 78ms
 GET /api/canton-balances?party=minted-user-33f97321%3A%3A12203f16a8f4b26778d5c8c6847dc055acf5db91e0c5b0846de29ba5ea272ab2a0e4 200 in 37ms
 GET /api/canton-balances?party=minted-user-33f97321%3A%3A12203f16a8f4b26778d5c8c6847dc055acf5db91e0c5b0846de29ba5ea272ab2a0e4 200 in 25ms
 GET /api/canton-balances?party=minted-user-33f97321%3A%3A12203f16a8f4b26778d5c8c6847dc055acf5db91e0c5b0846de29ba5ea272ab2a0e4 200 in 36ms
Canton balances API error: Canton API 413: {"code":"JSON_API_MAXIMUM_LIST_ELEMENTS_NUMBER_REACHED","cause":"The number of matching elements (201) is greater than the node limit (200).","correlationId":"c31bba7343dd4acf9917a2b591dff818","traceId":"c31bba7343dd4acf9917a2b591dff818","context":{},"resources":[],"errorCategory":2,"grpcCodeValue":10,"retryInfo":"1 second","definiteAnswer":false}
 GET /api/canton-balances 502 in 49ms
 GET /api/canton-balances?party=minted-user-33f97321%3A%3A12203f16a8f4b26778d5c8c6847dc055acf5db91e0c5b0846de29ba5ea272ab2a0e4 200 in 21ms
Canton balances API error: Canton API 413: {"code":"JSON_API_MAXIMUM_LIST_ELEMENTS_NUMBER_REACHED","cause":"The number of matching elements (201) is greater than the node limit (200).","correlationId":"f3b24bc61c4104e33b8c18115f305adb","traceId":"f3b24bc61c4104e33b8c18115f305adb","context":{},"resources":[],"errorCategory":2,"grpcCodeValue":10,"retryInfo":"1 second","definiteAnswer":false}
 GET /api/canton-balances 502 in 36ms
 GET /api/canton-balances?party=minted-user-33f97321%3A%3A12203f16a8f4b26778d5c8c6847dc055acf5db91e0c5b0846de29ba5ea272ab2a0e4 200 in 63ms
Canton balances API error: Canton API 413: {"code":"JSON_API_MAXIMUM_LIST_ELEMENTS_NUMBER_REACHED","cause":"The number of matching elements (201) is greater than the node limit (200).","correlationId":"b4b4447dc56013df330fa8800f74e370","traceId":"b4b4447dc56013df330fa8800f74e370","context":{},"resources":[],"errorCategory":2,"grpcCodeValue":10,"retryInfo":"1 second","definiteAnswer":false}
 GET /api/canton-balances 502 in 71ms
 GET /api/canton-balances?party=minted-user-33f97321%3A%3A12203f16a8f4b26778d5c8c6847dc055acf5db91e0c5b0846de29ba5ea272ab2a0e4 200 in 29ms
Canton balances API error: Canton API 413: {"code":"JSON_API_MAXIMUM_LIST_ELEMENTS_NUMBER_REACHED","cause":"The number of matching elements (201) is greater than the node limit (200).","correlationId":"608b19dc29211580240d4be838b7c10d","traceId":"608b19dc29211580240d4be838b7c10d","context":{},"resources":[],"errorCategory":2,"grpcCodeValue":10,"retryInfo":"1 second","definiteAnswer":false}
 GET /api/canton-balances 502 in 34ms
 GET / 200 in 227ms
 GET /api/canton-balances?party=minted-user-33f97321%3A%3A12203f16a8f4b26778d5c8c6847dc055acf5db91e0c5b0846de29ba5ea272ab2a0e4 200 in 93ms
Canton balances API error: Canton API 413: {"code":"JSON_API_MAXIMUM_LIST_ELEMENTS_NUMBER_REACHED","cause":"The number of matching elements (201) is greater than the node limit (200).","correlationId":"4c198da966776bb97eb254663f22ce23","traceId":"4c198da966776bb97eb254663f22ce23","context":{},"resources":[],"errorCategory":2,"grpcCodeValue":10,"retryInfo":"1 second","definiteAnswer":false}
 GET /api/canton-balances 502 in 147ms
 GET /api/canton-balances?party=minted-user-33f97321%3A%3A12203f16a8f4b26778d5c8c6847dc055acf5db91e0c5b0846de29ba5ea272ab2a0e4 200 in 62ms
Canton balances API error: Canton API 413: {"code":"JSON_API_MAXIMUM_LIST_ELEMENTS_NUMBER_REACHED","cause":"The number of matching elements (201) is greater than the node limit (200).","correlationId":"6e703d8504867a64f9b34142b79c3133","traceId":"6e703d8504867a64f9b34142b79c3133","context":{},"resources":[],"errorCategory":2,"grpcCodeValue":10,"retryInfo":"1 second","definiteAnswer":false}
 GET /api/canton-balances 502 in 49ms
 GET /api/canton-balances?party=minted-user-33f97321%3A%3A12203f16a8f4b26778d5c8c6847dc055acf5db91e0c5b0846de29ba5ea272ab2a0e4 200 in 98ms
Canton balances API error: Canton API 413: {"code":"JSON_API_MAXIMUM_LIST_ELEMENTS_NUMBER_REACHED","cause":"The number of matching elements (201) is greater than the node limit (200).","correlationId":"80f7b3e84d53198865effc2ef694cd85","traceId":"80f7b3e84d53198865effc2ef694cd85","context":{},"resources":[],"errorCategory":2,"grpcCodeValue":10,"retryInfo":"1 second","definiteAnswer":false}
 GET /api/canton-balances 502 in 111ms
 GET /api/canton-balances?party=minted-user-33f97321%3A%3A12203f16a8f4b26778d5c8c6847dc055acf5db91e0c5b0846de29ba5ea272ab2a0e4 200 in 24ms
Canton balances API error: Canton API 413: {"code":"JSON_API_MAXIMUM_LIST_ELEMENTS_NUMBER_REACHED","cause":"The number of matching elements (201) is greater than the node limit (200).","correlationId":"18f751a75e5bf179a28c635f2360c0d5","traceId":"18f751a75e5bf179a28c635f2360c0d5","context":{},"resources":[],"errorCategory":2,"grpcCodeValue":10,"retryInfo":"1 second","definiteAnswer":false}
 GET /api/canton-balances 502 in 66ms
 GET /api/canton-balances?party=minted-user-33f97321%3A%3A12203f16a8f4b26778d5c8c6847dc055acf5db91e0c5b0846de29ba5ea272ab2a0e4 200 in 103ms
Canton balances API error: Canton API 413: {"code":"JSON_API_MAXIMUM_LIST_ELEMENTS_NUMBER_REACHED","cause":"The number of matching elements (201) is greater than the node limit (200).","correlationId":"60f7faa5a84426ff47787d842cd0f9a8","traceId":"60f7faa5a84426ff47787d842cd0f9a8","context":{},"resources":[],"errorCategory":2,"grpcCodeValue":10,"retryInfo":"1 second","definiteAnswer":false}
 GET /api/canton-balances 502 in 117ms
 GET /api/canton-balances?party=minted-user-33f97321%3A%3A12203f16a8f4b26778d5c8c6847dc055acf5db91e0c5b0846de29ba5ea272ab2a0e4 200 in 55ms
Canton balances API error: Canton API 413: {"code":"JSON_API_MAXIMUM_LIST_ELEMENTS_NUMBER_REACHED","cause":"The number of matching elements (201) is greater than the node limit (200).","correlationId":"96af14a30aa2a5e75692d00d325e499f","traceId":"96af14a30aa2a5e75692d00d325e499f","context":{},"resources":[],"errorCategory":2,"grpcCodeValue":10,"retryInfo":"1 second","definiteAnswer":false}
 GET /api/canton-balances 502 in 57ms
 GET /api/canton-balances?party=minted-user-33f97321%3A%3A12203f16a8f4b26778d5c8c6847dc055acf5db91e0c5b0846de29ba5ea272ab2a0e4 200 in 112ms
Canton balances API error: Canton API 413: {"code":"JSON_API_MAXIMUM_LIST_ELEMENTS_NUMBER_REACHED","cause":"The number of matching elements (201) is greater than the node limit (200).","correlationId":"1861028fee3005bd71ec10c29f873c36","traceId":"1861028fee3005bd71ec10c29f873c36","context":{},"resources":[],"errorCategory":2,"grpcCodeValue":10,"retryInfo":"1 second","definiteAnswer":false}
 GET /api/canton-balances 502 in 123ms
 GET /api/canton-balances?party=minted-user-33f97321%3A%3A12203f16a8f4b26778d5c8c6847dc055acf5db91e0c5b0846de29ba5ea272ab2a0e4 200 in 33ms
Canton balances API error: Canton API 413: {"code":"JSON_API_MAXIMUM_LIST_ELEMENTS_NUMBER_REACHED","cause":"The number of matching elements (201) is greater than the node limit (200).","correlationId":"98d1fb4dfc4cbe0001fc3e4192006199","traceId":"98d1fb4dfc4cbe0001fc3e4192006199","context":{},"resources":[],"errorCategory":2,"grpcCodeValue":10,"retryInfo":"1 second","definiteAnswer":false}
 GET /api/canton-balances 502 in 80ms
 GET /api/canton-balances?party=minted-user-33f97321%3A%3A12203f16a8f4b26778d5c8c6847dc055acf5db91e0c5b0846de29ba5ea272ab2a0e4 200 in 71ms
Canton balances API error: Canton API 413: {"code":"JSON_API_MAXIMUM_LIST_ELEMENTS_NUMBER_REACHED","cause":"The number of matching elements (201) is greater than the node limit (200).","correlationId":"1f18185ca38ec15bfdf50f4437f89d95","traceId":"1f18185ca38ec15bfdf50f4437f89d95","context":{},"resources":[],"errorCategory":2,"grpcCodeValue":10,"retryInfo":"1 second","definiteAnswer":false}
 GET /api/canton-balances 502 in 119ms
 GET /api/canton-balances?party=minted-user-33f97321%3A%3A12203f16a8f4b26778d5c8c6847dc055acf5db91e0c5b0846de29ba5ea272ab2a0e4 200 in 52ms
Canton balances API error: Canton API 413: {"code":"JSON_API_MAXIMUM_LIST_ELEMENTS_NUMBER_REACHED","cause":"The number of matching elements (201) is greater than the node limit (200).","correlationId":"69b571977e13db5b8e4deb43ae76acfa","traceId":"69b571977e13db5b8e4deb43ae76acfa","context":{},"resources":[],"errorCategory":2,"grpcCodeValue":10,"retryInfo":"1 second","definiteAnswer":false}
 GET /api/canton-balances 502 in 36ms
 GET /api/canton-balances?party=minted-user-33f97321%3A%3A12203f16a8f4b26778d5c8c6847dc055acf5db91e0c5b0846de29ba5ea272ab2a0e4 200 in 84ms
Canton balances API error: Canton API 413: {"code":"JSON_API_MAXIMUM_LIST_ELEMENTS_NUMBER_REACHED","cause":"The number of matching elements (201) is greater than the node limit (200).","correlationId":"06d62aaa774c18b4b375aa2056cf5368","traceId":"06d62aaa774c18b4b375aa2056cf5368","context":{},"resources":[],"errorCategory":2,"grpcCodeValue":10,"retryInfo":"1 second","definiteAnswer":false}
 GET /api/canton-balances 502 in 96ms
 GET /api/canton-balances?party=minted-user-33f97321%3A%3A12203f16a8f4b26778d5c8c6847dc055acf5db91e0c5b0846de29ba5ea272ab2a0e4 200 in 84ms
Canton balances API error: Canton API 413: {"code":"JSON_API_MAXIMUM_LIST_ELEMENTS_NUMBER_REACHED","cause":"The number of matching elements (201) is greater than the node limit (200).","correlationId":"9ae6af24050b3c8f8ca8c13f0e0cfb84","traceId":"9ae6af24050b3c8f8ca8c13f0e0cfb84","context":{},"resources":[],"errorCategory":2,"grpcCodeValue":10,"retryInfo":"1 second","definiteAnswer":false}
 GET /api/canton-balances 502 in 112ms
 GET /api/canton-balances?party=minted-user-33f97321%3A%3A12203f16a8f4b26778d5c8c6847dc055acf5db91e0c5b0846de29ba5ea272ab2a0e4 200 in 117ms
 GET /api/canton-balances?party=minted-user-33f97321%3A%3A12203f16a8f4b26778d5c8c6847dc055acf5db91e0c5b0846de29ba5ea272ab2a0e4 200 in 30ms
 GET /api/canton-balances?party=minted-user-33f97321%3A%3A12203f16a8f4b26778d5c8c6847dc055acf5db91e0c5b0846de29ba5ea272ab2a0e4 200 in 32ms
Canton balances API error: Canton API 413: {"code":"JSON_API_MAXIMUM_LIST_ELEMENTS_NUMBER_REACHED","cause":"The number of matching elements (201) is greater than the node limit (200).","correlationId":"2956005eb0db48797564409424ee572f","traceId":"2956005eb0db48797564409424ee572f","context":{},"resources":[],"errorCategory":2,"grpcCodeValue":10,"retryInfo":"1 second","definiteAnswer":false}
 GET /api/canton-balances 502 in 51ms
 GET /api/canton-balances?party=minted-user-33f97321%3A%3A12203f16a8f4b26778d5c8c6847dc055acf5db91e0c5b0846de29ba5ea272ab2a0e4 200 in 27ms
Canton balances API error: Canton API 413: {"code":"JSON_API_MAXIMUM_LIST_ELEMENTS_NUMBER_REACHED","cause":"The number of matching elements (201) is greater than the node limit (200).","correlationId":"6ef6ba4e51ed4e168927307963809481","traceId":"6ef6ba4e51ed4e168927307963809481","context":{},"resources":[],"errorCategory":2,"grpcCodeValue":10,"retryInfo":"1 second","definiteAnswer":false}
 GET /api/canton-balances 502 in 37ms
 GET /api/canton-balances?party=minted-user-33f97321%3A%3A12203f16a8f4b26778d5c8c6847dc055acf5db91e0c5b0846de29ba5ea272ab2a0e4 200 in 44ms
Canton balances API error: Canton API 413: {"code":"JSON_API_MAXIMUM_LIST_ELEMENTS_NUMBER_REACHED","cause":"The number of matching elements (201) is greater than the node limit (200).","correlationId":"14c7db6f8b3c0b3caddb3bde058609b9","traceId":"14c7db6f8b3c0b3caddb3bde058609b9","context":{},"resources":[],"errorCategory":2,"grpcCodeValue":10,"retryInfo":"1 second","definiteAnswer":false}
 GET /api/canton-balances 502 in 75ms
 GET /api/canton-balances?party=minted-user-33f97321%3A%3A12203f16a8f4b26778d5c8c6847dc055acf5db91e0c5b0846de29ba5ea272ab2a0e4 200 in 55ms
Canton balances API error: Canton API 413: {"code":"JSON_API_MAXIMUM_LIST_ELEMENTS_NUMBER_REACHED","cause":"The number of matching elements (201) is greater than the node limit (200).","correlationId":"4a18a521931476a68b484053b1be1a3c","traceId":"4a18a521931476a68b484053b1be1a3c","context":{},"resources":[],"errorCategory":2,"grpcCodeValue":10,"retryInfo":"1 second","definiteAnswer":false}
 GET /api/canton-balances 502 in 61ms
 GET /api/canton-balances?party=minted-user-33f97321%3A%3A12203f16a8f4b26778d5c8c6847dc055acf5db91e0c5b0846de29ba5ea272ab2a0e4 200 in 68ms
Canton balances API error: Canton API 413: {"code":"JSON_API_MAXIMUM_LIST_ELEMENTS_NUMBER_REACHED","cause":"The number of matching elements (201) is greater than the node limit (200).","correlationId":"56b0c846e7d4f3ae23e3c61b211963f9","traceId":"56b0c846e7d4f3ae23e3c61b211963f9","context":{},"resources":[],"errorCategory":2,"grpcCodeValue":10,"retryInfo":"1 second","definiteAnswer":false}
 GET /api/canton-balances 502 in 120ms
 GET /api/canton-balances?party=minted-user-33f97321%3A%3A12203f16a8f4b26778d5c8c6847dc055acf5db91e0c5b0846de29ba5ea272ab2a0e4 200 in 170ms
Canton balances API error: Canton API 413: {"code":"JSON_API_MAXIMUM_LIST_ELEMENTS_NUMBER_REACHED","cause":"The number of matching elements (201) is greater than the node limit (200).","correlationId":"850760f68a59d2f08d28fd44d04b8ecf","traceId":"850760f68a59d2f08d28fd44d04b8ecf","context":{},"resources":[],"errorCategory":2,"grpcCodeValue":10,"retryInfo":"1 second","definiteAnswer":false}
 GET /api/canton-balances 502 in 313ms
 GET /api/canton-balances?party=minted-user-33f97321%3A%3A12203f16a8f4b26778d5c8c6847dc055acf5db91e0c5b0846de29ba5ea272ab2a0e4 200 in 106ms
Canton balances API error: Canton API 413: {"code":"JSON_API_MAXIMUM_LIST_ELEMENTS_NUMBER_REACHED","cause":"The number of matching elements (201) is greater than the node limit (200).","correlationId":"f19495f2d00a8a80ae94d6805f0b5552","traceId":"f19495f2d00a8a80ae94d6805f0b5552","context":{},"resources":[],"errorCategory":2,"grpcCodeValue":10,"retryInfo":"1 second","definiteAnswer":false}
 GET /api/canton-balances 502 in 133ms
 GET /api/canton-balances?party=minted-user-33f97321%3A%3A12203f16a8f4b26778d5c8c6847dc055acf5db91e0c5b0846de29ba5ea272ab2a0e4 200 in 47ms
Canton balances API error: Canton API 413: {"code":"JSON_API_MAXIMUM_LIST_ELEMENTS_NUMBER_REACHED","cause":"The number of matching elements (201) is greater than the node limit (200).","correlationId":"75b248218c9bfdaa420e061b69f7a1eb","traceId":"75b248218c9bfdaa420e061b69f7a1eb","context":{},"resources":[],"errorCategory":2,"grpcCodeValue":10,"retryInfo":"1 second","definiteAnswer":false}
 GET /api/canton-balances 502 in 68ms
 GET /api/canton-balances?party=minted-user-33f97321%3A%3A12203f16a8f4b26778d5c8c6847dc055acf5db91e0c5b0846de29ba5ea272ab2a0e4 200 in 348ms
Canton balances API error: Canton API 413: {"code":"JSON_API_MAXIMUM_LIST_ELEMENTS_NUMBER_REACHED","cause":"The number of matching elements (201) is greater than the node limit (200).","correlationId":"7ba32d6c0b71a49af7315840f2e32c68","traceId":"7ba32d6c0b71a49af7315840f2e32c68","context":{},"resources":[],"errorCategory":2,"grpcCodeValue":10,"retryInfo":"1 second","definiteAnswer":false}
 GET /api/canton-balances 502 in 391ms
 GET /api/canton-balances?party=minted-user-33f97321%3A%3A12203f16a8f4b26778d5c8c6847dc055acf5db91e0c5b0846de29ba5ea272ab2a0e4 200 in 362ms
Canton balances API error: Canton API 413: {"code":"JSON_API_MAXIMUM_LIST_ELEMENTS_NUMBER_REACHED","cause":"The number of matching elements (201) is greater than the node limit (200).","correlationId":"92f8d911b7ece195072fa1496db152ee","traceId":"92f8d911b7ece195072fa1496db152ee","context":{},"resources":[],"errorCategory":2,"grpcCodeValue":10,"retryInfo":"1 second","definiteAnswer":false}
 GET /api/canton-balances 502 in 461ms
 GET /api/canton-balances?party=minted-user-33f97321%3A%3A12203f16a8f4b26778d5c8c6847dc055acf5db91e0c5b0846de29ba5ea272ab2a0e4 200 in 82ms
Canton balances API error: Canton API 413: {"code":"JSON_API_MAXIMUM_LIST_ELEMENTS_NUMBER_REACHED","cause":"The number of matching elements (201) is greater than the node limit (200).","correlationId":"23ed6e7a9330e0711bec1680955f3dac","traceId":"23ed6e7a9330e0711bec1680955f3dac","context":{},"resources":[],"errorCategory":2,"grpcCodeValue":10,"retryInfo":"1 second","definiteAnswer":false}
 GET /api/canton-balances 502 in 105ms
 GET / 200 in 288ms
 GET /api/canton-balances?party=minted-user-33f97321%3A%3A12203f16a8f4b26778d5c8c6847dc055acf5db91e0c5b0846de29ba5ea272ab2a0e4 200 in 263ms
 GET /api/canton-balances?party=minted-user-33f97321%3A%3A12203f16a8f4b26778d5c8c6847dc055acf5db91e0c5b0846de29ba5ea272ab2a0e4 200 in 110ms
Canton balances API error: Canton API 413: {"code":"JSON_API_MAXIMUM_LIST_ELEMENTS_NUMBER_REACHED","cause":"The number of matching elements (201) is greater than the node limit (200).","correlationId":"1aee8316b2882d3f116094ed0f62b0e1","traceId":"1aee8316b2882d3f116094ed0f62b0e1","context":{},"resources":[],"errorCategory":2,"grpcCodeValue":10,"retryInfo":"1 second","definiteAnswer":false}
 GET /api/canton-balances 502 in 382ms
Canton balances API error: Canton API 413: {"code":"JSON_API_MAXIMUM_LIST_ELEMENTS_NUMBER_REACHED","cause":"The number of matching elements (201) is greater than the node limit (200).","correlationId":"779c5e61a1d5b1cf2ee4694d245e4ab1","traceId":"779c5e61a1d5b1cf2ee4694d245e4ab1","context":{},"resources":[],"errorCategory":2,"grpcCodeValue":10,"retryInfo":"1 second","definiteAnswer":false}
 GET /api/canton-balances 502 in 66ms
 GET /api/canton-balances?party=minted-user-33f97321%3A%3A12203f16a8f4b26778d5c8c6847dc055acf5db91e0c5b0846de29ba5ea272ab2a0e4 200 in 90ms
Canton balances API error: Canton API 413: {"code":"JSON_API_MAXIMUM_LIST_ELEMENTS_NUMBER_REACHED","cause":"The number of matching elements (201) is greater than the node limit (200).","correlationId":"13438de30edb1fa293f635a35d764156","traceId":"13438de30edb1fa293f635a35d764156","context":{},"resources":[],"errorCategory":2,"grpcCodeValue":10,"retryInfo":"1 second","definiteAnswer":false}
 GET /api/canton-balances 502 in 125ms
 GET /api/canton-balances?party=minted-user-33f97321%3A%3A12203f16a8f4b26778d5c8c6847dc055acf5db91e0c5b0846de29ba5ea272ab2a0e4 200 in 60ms
Canton balances API error: Canton API 413: {"code":"JSON_API_MAXIMUM_LIST_ELEMENTS_NUMBER_REACHED","cause":"The number of matching elements (201) is greater than the node limit (200).","correlationId":"8c2339f5674bdf53cb9ac90fdfad2e07","traceId":"8c2339f5674bdf53cb9ac90fdfad2e07","context":{},"resources":[],"errorCategory":2,"grpcCodeValue":10,"retryInfo":"1 second","definiteAnswer":false}
 GET /api/canton-balances 502 in 71ms
 GET /api/canton-balances?party=minted-user-33f97321%3A%3A12203f16a8f4b26778d5c8c6847dc055acf5db91e0c5b0846de29ba5ea272ab2a0e4 200 in 47ms
Canton balances API error: Canton API 413: {"code":"JSON_API_MAXIMUM_LIST_ELEMENTS_NUMBER_REACHED","cause":"The number of matching elements (201) is greater than the node limit (200).","correlationId":"0b3260999cb00455a9c065a8dbe7f67f","traceId":"0b3260999cb00455a9c065a8dbe7f67f","context":{},"resources":[],"errorCategory":2,"grpcCodeValue":10,"retryInfo":"1 second","definiteAnswer":false}
 GET /api/canton-balances 502 in 71ms
 GET /api/canton-balances?party=minted-user-33f97321%3A%3A12203f16a8f4b26778d5c8c6847dc055acf5db91e0c5b0846de29ba5ea272ab2a0e4 200 in 35ms
Canton balances API error: Canton API 413: {"code":"JSON_API_MAXIMUM_LIST_ELEMENTS_NUMBER_REACHED","cause":"The number of matching elements (201) is greater than the node limit (200).","correlationId":"71cc9ac8640709d865ba0d40c0072feb","traceId":"71cc9ac8640709d865ba0d40c0072feb","context":{},"resources":[],"errorCategory":2,"grpcCodeValue":10,"retryInfo":"1 second","definiteAnswer":false}
 GET /api/canton-balances 502 in 259ms
 GET /api/canton-balances?party=minted-user-33f97321%3A%3A12203f16a8f4b26778d5c8c6847dc055acf5db91e0c5b0846de29ba5ea272ab2a0e4 200 in 78ms
Canton balances API error: Canton API 413: {"code":"JSON_API_MAXIMUM_LIST_ELEMENTS_NUMBER_REACHED","cause":"The number of matching elements (201) is greater than the node limit (200).","correlationId":"5dcd976cd6e485b03b40af6df2440235","traceId":"5dcd976cd6e485b03b40af6df2440235","context":{},"resources":[],"errorCategory":2,"grpcCodeValue":10,"retryInfo":"1 second","definiteAnswer":false}
 GET /api/canton-balances 502 in 160ms
 GET /api/canton-balances?party=minted-user-33f97321%3A%3A12203f16a8f4b26778d5c8c6847dc055acf5db91e0c5b0846de29ba5ea272ab2a0e4 200 in 87ms
Canton balances API error: Canton API 413: {"code":"JSON_API_MAXIMUM_LIST_ELEMENTS_NUMBER_REACHED","cause":"The number of matching elements (201) is greater than the node limit (200).","correlationId":"76a90e00a80a34b1c39a0d6a83ca64a5","traceId":"76a90e00a80a34b1c39a0d6a83ca64a5","context":{},"resources":[],"errorCategory":2,"grpcCodeValue":10,"retryInfo":"1 second","definiteAnswer":false}
 GET /api/canton-balances 502 in 58ms
 GET /api/canton-balances?party=minted-user-33f97321%3A%3A12203f16a8f4b26778d5c8c6847dc055acf5db91e0c5b0846de29ba5ea272ab2a0e4 200 in 60ms
Canton balances API error: Canton API 413: {"code":"JSON_API_MAXIMUM_LIST_ELEMENTS_NUMBER_REACHED","cause":"The number of matching elements (201) is greater than the node limit (200).","correlationId":"e7ddf6aa8db90ba71f804591958c50df","traceId":"e7ddf6aa8db90ba71f804591958c50df","context":{},"resources":[],"errorCategory":2,"grpcCodeValue":10,"retryInfo":"1 second","definiteAnswer":false}
 GET /api/canton-balances 502 in 84ms
 GET /api/canton-balances?party=minted-user-33f97321%3A%3A12203f16a8f4b26778d5c8c6847dc055acf5db91e0c5b0846de29ba5ea272ab2a0e4 200 in 207ms
Canton balances API error: Canton API 413: {"code":"JSON_API_MAXIMUM_LIST_ELEMENTS_NUMBER_REACHED","cause":"The number of matching elements (201) is greater than the node limit (200).","correlationId":"307f79b32ec4e5f960cf0a66041bc137","traceId":"307f79b32ec4e5f960cf0a66041bc137","context":{},"resources":[],"errorCategory":2,"grpcCodeValue":10,"retryInfo":"1 second","definiteAnswer":false}
 GET /api/canton-balances 502 in 235ms
 GET /api/canton-balances?party=minted-user-33f97321%3A%3A12203f16a8f4b26778d5c8c6847dc055acf5db91e0c5b0846de29ba5ea272ab2a0e4 200 in 81ms
Canton balances API error: Canton API 413: {"code":"JSON_API_MAXIMUM_LIST_ELEMENTS_NUMBER_REACHED","cause":"The number of matching elements (201) is greater than the node limit (200).","correlationId":"945ea6eb36beec9255b49a0dab32f7ce","traceId":"945ea6eb36beec9255b49a0dab32f7ce","context":{},"resources":[],"errorCategory":2,"grpcCodeValue":10,"retryInfo":"1 second","definiteAnswer":false}
 GET /api/canton-balances 502 in 100ms
 GET /api/canton-balances?party=minted-user-33f97321%3A%3A12203f16a8f4b26778d5c8c6847dc055acf5db91e0c5b0846de29ba5ea272ab2a0e4 200 in 56ms
Canton balances API error: Canton API 413: {"code":"JSON_API_MAXIMUM_LIST_ELEMENTS_NUMBER_REACHED","cause":"The number of matching elements (201) is greater than the node limit (200).","correlationId":"840df6d1600f0d01fdf2056d0772a392","traceId":"840df6d1600f0d01fdf2056d0772a392","context":{},"resources":[],"errorCategory":2,"grpcCodeValue":10,"retryInfo":"1 second","definiteAnswer":false}
 GET /api/canton-balances 502 in 91ms
 GET /api/canton-balances?party=minted-user-33f97321%3A%3A12203f16a8f4b26778d5c8c6847dc055acf5db91e0c5b0846de29ba5ea272ab2a0e4 200 in 183ms
Canton balances API error: Canton API 413: {"code":"JSON_API_MAXIMUM_LIST_ELEMENTS_NUMBER_REACHED","cause":"The number of matching elements (201) is greater than the node limit (200).","correlationId":"a5ec63455eebf10eb26583e72d7c8031","traceId":"a5ec63455eebf10eb26583e72d7c8031","context":{},"resources":[],"errorCategory":2,"grpcCodeValue":10,"retryInfo":"1 second","definiteAnswer":false}
 GET /api/canton-balances 502 in 199ms
 GET /api/canton-balances?party=minted-user-33f97321%3A%3A12203f16a8f4b26778d5c8c6847dc055acf5db91e0c5b0846de29ba5ea272ab2a0e4 200 in 237ms
Canton balances API error: Canton API 413: {"code":"JSON_API_MAXIMUM_LIST_ELEMENTS_NUMBER_REACHED","cause":"The number of matching elements (201) is greater than the node limit (200).","correlationId":"5bc07bfa38252b9f13d61b9b20ba098c","traceId":"5bc07bfa38252b9f13d61b9b20ba098c","context":{},"resources":[],"errorCategory":2,"grpcCodeValue":10,"retryInfo":"1 second","definiteAnswer":false}
 GET /api/canton-balances 502 in 283ms
 GET /api/canton-balances?party=minted-user-33f97321%3A%3A12203f16a8f4b26778d5c8c6847dc055acf5db91e0c5b0846de29ba5ea272ab2a0e4 200 in 77ms
Canton balances API error: Canton API 413: {"code":"JSON_API_MAXIMUM_LIST_ELEMENTS_NUMBER_REACHED","cause":"The number of matching elements (201) is greater than the node limit (200).","correlationId":"da9fc5c0a083eeb2669ea28428aeec4e","traceId":"da9fc5c0a083eeb2669ea28428aeec4e","context":{},"resources":[],"errorCategory":2,"grpcCodeValue":10,"retryInfo":"1 second","definiteAnswer":false}
 GET /api/canton-balances 502 in 89ms
 GET /api/canton-balances?party=minted-user-33f97321%3A%3A12203f16a8f4b26778d5c8c6847dc055acf5db91e0c5b0846de29ba5ea272ab2a0e4 200 in 58ms
Canton balances API error: Canton API 413: {"code":"JSON_API_MAXIMUM_LIST_ELEMENTS_NUMBER_REACHED","cause":"The number of matching elements (201) is greater than the node limit (200).","correlationId":"e0801bd68449b956ba394188f62e5cf9","traceId":"e0801bd68449b956ba394188f62e5cf9","context":{},"resources":[],"errorCategory":2,"grpcCodeValue":10,"retryInfo":"1 second","definiteAnswer":false}
 GET /api/canton-balances 502 in 78ms
 GET /api/canton-balances?party=minted-user-33f97321%3A%3A12203f16a8f4b26778d5c8c6847dc055acf5db91e0c5b0846de29ba5ea272ab2a0e4 200 in 97ms
Canton balances API error: Canton API 413: {"code":"JSON_API_MAXIMUM_LIST_ELEMENTS_NUMBER_REACHED","cause":"The number of matching elements (201) is greater than the node limit (200).","correlationId":"c9fe386be7a1c618921f60d5c3c61e89","traceId":"c9fe386be7a1c618921f60d5c3c61e89","context":{},"resources":[],"errorCategory":2,"grpcCodeValue":10,"retryInfo":"1 second","definiteAnswer":false}
 GET /api/canton-balances 502 in 187ms
 GET /api/canton-balances?party=minted-user-33f97321%3A%3A12203f16a8f4b26778d5c8c6847dc055acf5db91e0c5b0846de29ba5ea272ab2a0e4 200 in 105ms
Canton balances API error: Canton API 413: {"code":"JSON_API_MAXIMUM_LIST_ELEMENTS_NUMBER_REACHED","cause":"The number of matching elements (201) is greater than the node limit (200).","correlationId":"04d4518bb4886d014efe9b0bf082e15e","traceId":"04d4518bb4886d014efe9b0bf082e15e","context":{},"resources":[],"errorCategory":2,"grpcCodeValue":10,"retryInfo":"1 second","definiteAnswer":false}
 GET /api/canton-balances 502 in 149ms
 GET /api/canton-balances?party=minted-user-33f97321%3A%3A12203f16a8f4b26778d5c8c6847dc055acf5db91e0c5b0846de29ba5ea272ab2a0e4 200 in 247ms
Canton balances API error: Canton API 413: {"code":"JSON_API_MAXIMUM_LIST_ELEMENTS_NUMBER_REACHED","cause":"The number of matching elements (201) is greater than the node limit (200).","correlationId":"c0a9a701ed5960b41b83aa9f5f171e04","traceId":"c0a9a701ed5960b41b83aa9f5f171e04","context":{},"resources":[],"errorCategory":2,"grpcCodeValue":10,"retryInfo":"1 second","definiteAnswer":false}
 GET /api/canton-balances 502 in 274ms
 GET /api/canton-balances?party=minted-user-33f97321%3A%3A12203f16a8f4b26778d5c8c6847dc055acf5db91e0c5b0846de29ba5ea272ab2a0e4 200 in 76ms
Canton balances API error: Canton API 413: {"code":"JSON_API_MAXIMUM_LIST_ELEMENTS_NUMBER_REACHED","cause":"The number of matching elements (201) is greater than the node limit (200).","correlationId":"b3cb687746d85c9466f6198f9c18b017","traceId":"b3cb687746d85c9466f6198f9c18b017","context":{},"resources":[],"errorCategory":2,"grpcCodeValue":10,"retryInfo":"1 second","definiteAnswer":false}
 GET /api/canton-balances 502 in 91ms
 GET /api/canton-balances?party=minted-user-33f97321%3A%3A12203f16a8f4b26778d5c8c6847dc055acf5db91e0c5b0846de29ba5ea272ab2a0e4 200 in 92ms
Canton balances API error: Canton API 413: {"code":"JSON_API_MAXIMUM_LIST_ELEMENTS_NUMBER_REACHED","cause":"The number of matching elements (201) is greater than the node limit (200).","correlationId":"b93651f19bd1dd7bdb9a9b94fb2d92bb","traceId":"b93651f19bd1dd7bdb9a9b94fb2d92bb","context":{},"resources":[],"errorCategory":2,"grpcCodeValue":10,"retryInfo":"1 second","definiteAnswer":false}
 GET /api/canton-balances 502 in 109ms
 GET /api/canton-balances?party=minted-user-33f97321%3A%3A12203f16a8f4b26778d5c8c6847dc055acf5db91e0c5b0846de29ba5ea272ab2a0e4 200 in 103ms
Canton balances API error: Canton API 413: {"code":"JSON_API_MAXIMUM_LIST_ELEMENTS_NUMBER_REACHED","cause":"The number of matching elements (201) is greater than the node limit (200).","correlationId":"bc61fc74d3bc4a051c52b9646d248475","traceId":"bc61fc74d3bc4a051c52b9646d248475","context":{},"resources":[],"errorCategory":2,"grpcCodeValue":10,"retryInfo":"1 second","definiteAnswer":false}
 GET /api/canton-balances 502 in 160ms
 GET /api/canton-balances?party=minted-user-33f97321%3A%3A12203f16a8f4b26778d5c8c6847dc055acf5db91e0c5b0846de29ba5ea272ab2a0e4 200 in 134ms
Canton balances API error: Canton API 413: {"code":"JSON_API_MAXIMUM_LIST_ELEMENTS_NUMBER_REACHED","cause":"The number of matching elements (201) is greater than the node limit (200).","correlationId":"c60c159043427a54aac2f00d6d739aad","traceId":"c60c159043427a54aac2f00d6d739aad","context":{},"resources":[],"errorCategory":2,"grpcCodeValue":10,"retryInfo":"1 second","definiteAnswer":false}
 GET /api/canton-balances 502 in 139ms
 GET /api/canton-balances?party=minted-user-33f97321%3A%3A12203f16a8f4b26778d5c8c6847dc055acf5db91e0c5b0846de29ba5ea272ab2a0e4 200 in 30ms
Canton balances API error: Canton API 413: {"code":"JSON_API_MAXIMUM_LIST_ELEMENTS_NUMBER_REACHED","cause":"The number of matching elements (201) is greater than the node limit (200).","correlationId":"92caaae5a366792556b0aa84c9be1d92","traceId":"92caaae5a366792556b0aa84c9be1d92","context":{},"resources":[],"errorCategory":2,"grpcCodeValue":10,"retryInfo":"1 second","definiteAnswer":false}
 GET /api/canton-balances 502 in 76ms
 GET /api/canton-balances?party=minted-user-33f97321%3A%3A12203f16a8f4b26778d5c8c6847dc055acf5db91e0c5b0846de29ba5ea272ab2a0e4 200 in 223ms
Canton balances API error: Canton API 413: {"code":"JSON_API_MAXIMUM_LIST_ELEMENTS_NUMBER_REACHED","cause":"The number of matching elements (201) is greater than the node limit (200).","correlationId":"b3cb6474bf5d3e0a4594e65be2fa06c3","traceId":"b3cb6474bf5d3e0a4594e65be2fa06c3","context":{},"resources":[],"errorCategory":2,"grpcCodeValue":10,"retryInfo":"1 second","definiteAnswer":false}
 GET /api/canton-balances 502 in 271ms
 GET /api/canton-balances?party=minted-user-33f97321%3A%3A12203f16a8f4b26778d5c8c6847dc055acf5db91e0c5b0846de29ba5ea272ab2a0e4 200 in 90ms
Canton balances API error: Canton API 413: {"code":"JSON_API_MAXIMUM_LIST_ELEMENTS_NUMBER_REACHED","cause":"The number of matching elements (201) is greater than the node limit (200).","correlationId":"085a9b50829fe4eb90ebf55c40833b2e","traceId":"085a9b50829fe4eb90ebf55c40833b2e","context":{},"resources":[],"errorCategory":2,"grpcCodeValue":10,"retryInfo":"1 second","definiteAnswer":false}
 GET /api/canton-balances 502 in 108ms
 GET /api/canton-balances?party=minted-user-33f97321%3A%3A12203f16a8f4b26778d5c8c6847dc055acf5db91e0c5b0846de29ba5ea272ab2a0e4 200 in 59ms
Canton balances API error: Canton API 413: {"code":"JSON_API_MAXIMUM_LIST_ELEMENTS_NUMBER_REACHED","cause":"The number of matching elements (201) is greater than the node limit (200).","correlationId":"eb6f81e0e4ceebaebf7c194ddc4c8b62","traceId":"eb6f81e0e4ceebaebf7c194ddc4c8b62","context":{},"resources":[],"errorCategory":2,"grpcCodeValue":10,"retryInfo":"1 second","definiteAnswer":false}
 GET /api/canton-balances 502 in 75ms
 GET /api/canton-balances?party=minted-user-33f97321%3A%3A12203f16a8f4b26778d5c8c6847dc055acf5db91e0c5b0846de29ba5ea272ab2a0e4 200 in 34ms
Canton balances API error: Canton API 413: {"code":"JSON_API_MAXIMUM_LIST_ELEMENTS_NUMBER_REACHED","cause":"The number of matching elements (201) is greater than the node limit (200).","correlationId":"59b1d20b5c65b2fabcbff45f7a0a1e16","traceId":"59b1d20b5c65b2fabcbff45f7a0a1e16","context":{},"resources":[],"errorCategory":2,"grpcCodeValue":10,"retryInfo":"1 second","definiteAnswer":false}
 GET /api/canton-balances 502 in 48ms
 GET /api/canton-balances?party=minted-user-33f97321%3A%3A12203f16a8f4b26778d5c8c6847dc055acf5db91e0c5b0846de29ba5ea272ab2a0e4 200 in 187ms
Canton balances API error: Canton API 413: {"code":"JSON_API_MAXIMUM_LIST_ELEMENTS_NUMBER_REACHED","cause":"The number of matching elements (201) is greater than the node limit (200).","correlationId":"49c506da32def622921227e170703ab8","traceId":"49c506da32def622921227e170703ab8","context":{},"resources":[],"errorCategory":2,"grpcCodeValue":10,"retryInfo":"1 second","definiteAnswer":false}
 GET /api/canton-balances 502 in 668ms
 GET /api/canton-balances?party=minted-user-33f97321%3A%3A12203f16a8f4b26778d5c8c6847dc055acf5db91e0c5b0846de29ba5ea272ab2a0e4 200 in 556ms
Canton balances API error: Canton API 413: {"code":"JSON_API_MAXIMUM_LIST_ELEMENTS_NUMBER_REACHED","cause":"The number of matching elements (201) is greater than the node limit (200).","correlationId":"b4fa2ab21162902e4671cb20ed141058","traceId":"b4fa2ab21162902e4671cb20ed141058","context":{},"resources":[],"errorCategory":2,"grpcCodeValue":10,"retryInfo":"1 second","definiteAnswer":false}
 GET /api/canton-balances 502 in 156ms
 GET /api/canton-balances?party=minted-user-33f97321%3A%3A12203f16a8f4b26778d5c8c6847dc055acf5db91e0c5b0846de29ba5ea272ab2a0e4 200 in 105ms
Canton balances API error: Canton API 413: {"code":"JSON_API_MAXIMUM_LIST_ELEMENTS_NUMBER_REACHED","cause":"The number of matching elements (201) is greater than the node limit (200).","correlationId":"d9e3734308e249d2849b0a7b66ed9474","traceId":"d9e3734308e249d2849b0a7b66ed9474","context":{},"resources":[],"errorCategory":2,"grpcCodeValue":10,"retryInfo":"1 second","definiteAnswer":false}
 GET /api/canton-balances 502 in 162ms
 GET /api/canton-balances?party=minted-user-33f97321%3A%3A12203f16a8f4b26778d5c8c6847dc055acf5db91e0c5b0846de29ba5ea272ab2a0e4 200 in 80ms
Canton balances API error: Canton API 413: {"code":"JSON_API_MAXIMUM_LIST_ELEMENTS_NUMBER_REACHED","cause":"The number of matching elements (201) is greater than the node limit (200).","correlationId":"fa190970c5c92838c6874a4d6aedc717","traceId":"fa190970c5c92838c6874a4d6aedc717","context":{},"resources":[],"errorCategory":2,"grpcCodeValue":10,"retryInfo":"1 second","definiteAnswer":false}
 GET /api/canton-balances 502 in 109ms
 GET /api/canton-balances?party=minted-user-33f97321%3A%3A12203f16a8f4b26778d5c8c6847dc055acf5db91e0c5b0846de29ba5ea272ab2a0e4 200 in 45ms
Canton balances API error: Canton API 413: {"code":"JSON_API_MAXIMUM_LIST_ELEMENTS_NUMBER_REACHED","cause":"The number of matching elements (201) is greater than the node limit (200).","correlationId":"282f47926d9a55bb90a1ab830d0a80c0","traceId":"282f47926d9a55bb90a1ab830d0a80c0","context":{},"resources":[],"errorCategory":2,"grpcCodeValue":10,"retryInfo":"1 second","definiteAnswer":false}
 GET /api/canton-balances 502 in 89ms
 GET /api/canton-balances?party=minted-user-33f97321%3A%3A12203f16a8f4b26778d5c8c6847dc055acf5db91e0c5b0846de29ba5ea272ab2a0e4 200 in 51ms
Canton balances API error: Canton API 413: {"code":"JSON_API_MAXIMUM_LIST_ELEMENTS_NUMBER_REACHED","cause":"The number of matching elements (201) is greater than the node limit (200).","correlationId":"4fe50f23e0acb35c06ddce32a10ccb74","traceId":"4fe50f23e0acb35c06ddce32a10ccb74","context":{},"resources":[],"errorCategory":2,"grpcCodeValue":10,"retryInfo":"1 second","definiteAnswer":false}
 GET /api/canton-balances 502 in 64ms
 GET /api/canton-balances?party=minted-user-33f97321%3A%3A12203f16a8f4b26778d5c8c6847dc055acf5db91e0c5b0846de29ba5ea272ab2a0e4 200 in 81ms
Canton balances API error: Canton API 413: {"code":"JSON_API_MAXIMUM_LIST_ELEMENTS_NUMBER_REACHED","cause":"The number of matching elements (201) is greater than the node limit (200).","correlationId":"aeba946f56426a00e888fbef744c2a37","traceId":"aeba946f56426a00e888fbef744c2a37","context":{},"resources":[],"errorCategory":2,"grpcCodeValue":10,"retryInfo":"1 second","definiteAnswer":false}
 GET /api/canton-balances 502 in 113ms
 GET /api/canton-balances?party=minted-user-33f97321%3A%3A12203f16a8f4b26778d5c8c6847dc055acf5db91e0c5b0846de29ba5ea272ab2a0e4 200 in 49ms
Canton balances API error: Canton API 413: {"code":"JSON_API_MAXIMUM_LIST_ELEMENTS_NUMBER_REACHED","cause":"The number of matching elements (201) is greater than the node limit (200).","correlationId":"d2b221942d9626d9de7dfef991ab0405","traceId":"d2b221942d9626d9de7dfef991ab0405","context":{},"resources":[],"errorCategory":2,"grpcCodeValue":10,"retryInfo":"1 second","definiteAnswer":false}
 GET /api/canton-balances 502 in 59ms
 GET /api/canton-balances?party=minted-user-33f97321%3A%3A12203f16a8f4b26778d5c8c6847dc055acf5db91e0c5b0846de29ba5ea272ab2a0e4 200 in 52ms
Canton balances API error: Canton API 413: {"code":"JSON_API_MAXIMUM_LIST_ELEMENTS_NUMBER_REACHED","cause":"The number of matching elements (201) is greater than the node limit (200).","correlationId":"6c278ff17e5ecfa29a40a1fff639c1ec","traceId":"6c278ff17e5ecfa29a40a1fff639c1ec","context":{},"resources":[],"errorCategory":2,"grpcCodeValue":10,"retryInfo":"1 second","definiteAnswer":false}
 GET /api/canton-balances 502 in 64ms
 GET /api/canton-balances?party=minted-user-33f97321%3A%3A12203f16a8f4b26778d5c8c6847dc055acf5db91e0c5b0846de29ba5ea272ab2a0e4 200 in 25ms
Canton balances API error: Canton API 413: {"code":"JSON_API_MAXIMUM_LIST_ELEMENTS_NUMBER_REACHED","cause":"The number of matching elements (201) is greater than the node limit (200).","correlationId":"01359863e838d4a9dfb1aae3ec51e4ab","traceId":"01359863e838d4a9dfb1aae3ec51e4ab","context":{},"resources":[],"errorCategory":2,"grpcCodeValue":10,"retryInfo":"1 second","definiteAnswer":false}
 GET /api/canton-balances 502 in 81ms
 GET /api/canton-balances?party=minted-user-33f97321%3A%3A12203f16a8f4b26778d5c8c6847dc055acf5db91e0c5b0846de29ba5ea272ab2a0e4 200 in 75ms
Canton balances API error: Canton API 413: {"code":"JSON_API_MAXIMUM_LIST_ELEMENTS_NUMBER_REACHED","cause":"The number of matching elements (201) is greater than the node limit (200).","correlationId":"18a5913435610887b59b1433f33fc270","traceId":"18a5913435610887b59b1433f33fc270","context":{},"resources":[],"errorCategory":2,"grpcCodeValue":10,"retryInfo":"1 second","definiteAnswer":false}
 GET /api/canton-balances 502 in 101ms
 GET /api/canton-balances?party=minted-user-33f97321%3A%3A12203f16a8f4b26778d5c8c6847dc055acf5db91e0c5b0846de29ba5ea272ab2a0e4 200 in 102ms
Canton balances API error: Canton API 413: {"code":"JSON_API_MAXIMUM_LIST_ELEMENTS_NUMBER_REACHED","cause":"The number of matching elements (201) is greater than the node limit (200).","correlationId":"7bf06eab6171994c57973983d9b9c68c","traceId":"7bf06eab6171994c57973983d9b9c68c","context":{},"resources":[],"errorCategory":2,"grpcCodeValue":10,"retryInfo":"1 second","definiteAnswer":false}
 GET /api/canton-balances 502 in 124ms
 GET /api/canton-balances?party=minted-user-33f97321%3A%3A12203f16a8f4b26778d5c8c6847dc055acf5db91e0c5b0846de29ba5ea272ab2a0e4 200 in 63ms
Canton balances API error: Canton API 413: {"code":"JSON_API_MAXIMUM_LIST_ELEMENTS_NUMBER_REACHED","cause":"The number of matching elements (201) is greater than the node limit (200).","correlationId":"ff8bcdc3cabd5f57c78660fb392f69c7","traceId":"ff8bcdc3cabd5f57c78660fb392f69c7","context":{},"resources":[],"errorCategory":2,"grpcCodeValue":10,"retryInfo":"1 second","definiteAnswer":false}
 GET /api/canton-balances 502 in 85ms
 GET /api/canton-balances?party=minted-user-33f97321%3A%3A12203f16a8f4b26778d5c8c6847dc055acf5db91e0c5b0846de29ba5ea272ab2a0e4 200 in 67ms
Canton balances API error: Canton API 413: {"code":"JSON_API_MAXIMUM_LIST_ELEMENTS_NUMBER_REACHED","cause":"The number of matching elements (201) is greater than the node limit (200).","correlationId":"a6f7ec9fce30cac3a22e5625a54e37bd","traceId":"a6f7ec9fce30cac3a22e5625a54e37bd","context":{},"resources":[],"errorCategory":2,"grpcCodeValue":10,"retryInfo":"1 second","definiteAnswer":false}
 GET /api/canton-balances 502 in 117ms
 GET / 200 in 254ms
 GET /api/canton-balances?party=minted-user-33f97321%3A%3A12203f16a8f4b26778d5c8c6847dc055acf5db91e0c5b0846de29ba5ea272ab2a0e4 200 in 68ms
Canton balances API error: Canton API 413: {"code":"JSON_API_MAXIMUM_LIST_ELEMENTS_NUMBER_REACHED","cause":"The number of matching elements (201) is greater than the node limit (200).","correlationId":"fc8316e6307e9f8e1ee16e3312c623d6","traceId":"fc8316e6307e9f8e1ee16e3312c623d6","context":{},"resources":[],"errorCategory":2,"grpcCodeValue":10,"retryInfo":"1 second","definiteAnswer":false}
 GET /api/canton-balances 502 in 80ms
 GET /api/canton-balances?party=minted-user-33f97321%3A%3A12203f16a8f4b26778d5c8c6847dc055acf5db91e0c5b0846de29ba5ea272ab2a0e4 200 in 24ms
Canton balances API error: Canton API 413: {"code":"JSON_API_MAXIMUM_LIST_ELEMENTS_NUMBER_REACHED","cause":"The number of matching elements (201) is greater than the node limit (200).","correlationId":"dad21e91e093ff6c1fb5608ab5dee820","traceId":"dad21e91e093ff6c1fb5608ab5dee820","context":{},"resources":[],"errorCategory":2,"grpcCodeValue":10,"retryInfo":"1 second","definiteAnswer":false}
 GET /api/canton-balances 502 in 35ms
 GET /api/canton-balances?party=minted-user-33f97321%3A%3A12203f16a8f4b26778d5c8c6847dc055acf5db91e0c5b0846de29ba5ea272ab2a0e4 200 in 189ms
Canton balances API error: Canton API 413: {"code":"JSON_API_MAXIMUM_LIST_ELEMENTS_NUMBER_REACHED","cause":"The number of matching elements (201) is greater than the node limit (200).","correlationId":"fc6a0fc8ef36a723ccb48b92258efee0","traceId":"fc6a0fc8ef36a723ccb48b92258efee0","context":{},"resources":[],"errorCategory":2,"grpcCodeValue":10,"retryInfo":"1 second","definiteAnswer":false}
 GET /api/canton-balances 502 in 210ms
 GET /api/canton-balances?party=minted-user-33f97321%3A%3A12203f16a8f4b26778d5c8c6847dc055acf5db91e0c5b0846de29ba5ea272ab2a0e4 200 in 58ms
Canton balances API error: Canton API 413: {"code":"JSON_API_MAXIMUM_LIST_ELEMENTS_NUMBER_REACHED","cause":"The number of matching elements (201) is greater than the node limit (200).","correlationId":"5ef18bab3336a10acb2f5b88780ed2ce","traceId":"5ef18bab3336a10acb2f5b88780ed2ce","context":{},"resources":[],"errorCategory":2,"grpcCodeValue":10,"retryInfo":"1 second","definiteAnswer":false}
 GET /api/canton-balances 502 in 60ms
Canton balances API error: Canton API 413: {"code":"JSON_API_MAXIMUM_LIST_ELEMENTS_NUMBER_REACHED","cause":"The number of matching elements (201) is greater than the node limit (200).","correlationId":"614ac57651433aebf39b8f682a952b65","traceId":"614ac57651433aebf39b8f682a952b65","context":{},"resources":[],"errorCategory":2,"grpcCodeValue":10,"retryInfo":"1 second","definiteAnswer":false}
 GET /api/canton-balances 502 in 62ms
 GET /api/canton-balances?party=minted-user-33f97321%3A%3A12203f16a8f4b26778d5c8c6847dc055acf5db91e0c5b0846de29ba5ea272ab2a0e4 200 in 57ms
 GET /api/canton-balances?party=minted-user-33f97321%3A%3A12203f16a8f4b26778d5c8c6847dc055acf5db91e0c5b0846de29ba5ea272ab2a0e4 200 in 58ms
Canton balances API error: Canton API 413: {"code":"JSON_API_MAXIMUM_LIST_ELEMENTS_NUMBER_REACHED","cause":"The number of matching elements (201) is greater than the node limit (200).","correlationId":"a2543a2f590ac88c1a89cd32d7af240f","traceId":"a2543a2f590ac88c1a89cd32d7af240f","context":{},"resources":[],"errorCategory":2,"grpcCodeValue":10,"retryInfo":"1 second","definiteAnswer":false}
 GET /api/canton-balances 502 in 111ms
 GET /api/canton-balances?party=minted-user-33f97321%3A%3A12203f16a8f4b26778d5c8c6847dc055acf5db91e0c5b0846de29ba5ea272ab2a0e4 200 in 58ms
Canton balances API error: Canton API 413: {"code":"JSON_API_MAXIMUM_LIST_ELEMENTS_NUMBER_REACHED","cause":"The number of matching elements (201) is greater than the node limit (200).","correlationId":"261a5cc9f2a00c0ef03a664587c3b2c0","traceId":"261a5cc9f2a00c0ef03a664587c3b2c0","context":{},"resources":[],"errorCategory":2,"grpcCodeValue":10,"retryInfo":"1 second","definiteAnswer":false}
 GET /api/canton-balances 502 in 47ms
 GET /api/canton-balances?party=minted-user-33f97321%3A%3A12203f16a8f4b26778d5c8c6847dc055acf5db91e0c5b0846de29ba5ea272ab2a0e4 200 in 41ms
Canton balances API error: Canton API 413: {"code":"JSON_API_MAXIMUM_LIST_ELEMENTS_NUMBER_REACHED","cause":"The number of matching elements (201) is greater than the node limit (200).","correlationId":"8a4ed7a61f3e100ff3f89e0ecd6677ea","traceId":"8a4ed7a61f3e100ff3f89e0ecd6677ea","context":{},"resources":[],"errorCategory":2,"grpcCodeValue":10,"retryInfo":"1 second","definiteAnswer":false}
 GET /api/canton-balances 502 in 51ms
 GET /api/canton-balances?party=minted-user-33f97321%3A%3A12203f16a8f4b26778d5c8c6847dc055acf5db91e0c5b0846de29ba5ea272ab2a0e4 200 in 30ms
Canton balances API error: Canton API 413: {"code":"JSON_API_MAXIMUM_LIST_ELEMENTS_NUMBER_REACHED","cause":"The number of matching elements (201) is greater than the node limit (200).","correlationId":"0496759da15f2f20b8bbc6f743cee352","traceId":"0496759da15f2f20b8bbc6f743cee352","context":{},"resources":[],"errorCategory":2,"grpcCodeValue":10,"retryInfo":"1 second","definiteAnswer":false}
 GET /api/canton-balances 502 in 53ms
 GET /api/canton-balances?party=minted-user-33f97321%3A%3A12203f16a8f4b26778d5c8c6847dc055acf5db91e0c5b0846de29ba5ea272ab2a0e4 200 in 118ms
Canton balances API error: Canton API 413: {"code":"JSON_API_MAXIMUM_LIST_ELEMENTS_NUMBER_REACHED","cause":"The number of matching elements (201) is greater than the node limit (200).","correlationId":"088a61c85b25438bbc80c669264fa70d","traceId":"088a61c85b25438bbc80c669264fa70d","context":{},"resources":[],"errorCategory":2,"grpcCodeValue":10,"retryInfo":"1 second","definiteAnswer":false}
 GET /api/canton-balances 502 in 131ms
 GET /api/canton-balances?party=minted-user-33f97321%3A%3A12203f16a8f4b26778d5c8c6847dc055acf5db91e0c5b0846de29ba5ea272ab2a0e4 200 in 48ms
Canton balances API error: Canton API 413: {"code":"JSON_API_MAXIMUM_LIST_ELEMENTS_NUMBER_REACHED","cause":"The number of matching elements (201) is greater than the node limit (200).","correlationId":"91782ff130aa43e488917a9c7d099b1a","traceId":"91782ff130aa43e488917a9c7d099b1a","context":{},"resources":[],"errorCategory":2,"grpcCodeValue":10,"retryInfo":"1 second","definiteAnswer":false}
 GET /api/canton-balances 502 in 73ms
 GET /api/canton-balances?party=minted-user-33f97321%3A%3A12203f16a8f4b26778d5c8c6847dc055acf5db91e0c5b0846de29ba5ea272ab2a0e4 200 in 62ms
Canton balances API error: Canton API 413: {"code":"JSON_API_MAXIMUM_LIST_ELEMENTS_NUMBER_REACHED","cause":"The number of matching elements (201) is greater than the node limit (200).","correlationId":"3e83795e9f467579d88c2640d84b2099","traceId":"3e83795e9f467579d88c2640d84b2099","context":{},"resources":[],"errorCategory":2,"grpcCodeValue":10,"retryInfo":"1 second","definiteAnswer":false}
 GET /api/canton-balances 502 in 97ms
 GET /api/canton-balances?party=minted-user-33f97321%3A%3A12203f16a8f4b26778d5c8c6847dc055acf5db91e0c5b0846de29ba5ea272ab2a0e4 200 in 57ms
Canton balances API error: Canton API 413: {"code":"JSON_API_MAXIMUM_LIST_ELEMENTS_NUMBER_REACHED","cause":"The number of matching elements (201) is greater than the node limit (200).","correlationId":"7f93c8f9aacf2cff857c44433e1544d4","traceId":"7f93c8f9aacf2cff857c44433e1544d4","context":{},"resources":[],"errorCategory":2,"grpcCodeValue":10,"retryInfo":"1 second","definiteAnswer":false}
 GET /api/canton-balances 502 in 80ms
 GET /api/canton-balances?party=minted-user-33f97321%3A%3A12203f16a8f4b26778d5c8c6847dc055acf5db91e0c5b0846de29ba5ea272ab2a0e4 200 in 49ms
Canton balances API error: Canton API 413: {"code":"JSON_API_MAXIMUM_LIST_ELEMENTS_NUMBER_REACHED","cause":"The number of matching elements (201) is greater than the node limit (200).","correlationId":"3d9cab00abb661a4bf058a200100cd09","traceId":"3d9cab00abb661a4bf058a200100cd09","context":{},"resources":[],"errorCategory":2,"grpcCodeValue":10,"retryInfo":"1 second","definiteAnswer":false}
 GET /api/canton-balances 502 in 59ms
 GET /api/canton-balances?party=minted-user-33f97321%3A%3A12203f16a8f4b26778d5c8c6847dc055acf5db91e0c5b0846de29ba5ea272ab2a0e4 200 in 29ms
Canton balances API error: Canton API 413: {"code":"JSON_API_MAXIMUM_LIST_ELEMENTS_NUMBER_REACHED","cause":"The number of matching elements (201) is greater than the node limit (200).","correlationId":"2e4d610a33883d898a08ce0fc3de882f","traceId":"2e4d610a33883d898a08ce0fc3de882f","context":{},"resources":[],"errorCategory":2,"grpcCodeValue":10,"retryInfo":"1 second","definiteAnswer":false}
 GET /api/canton-balances 502 in 56ms
 GET /api/canton-balances?party=minted-user-33f97321%3A%3A12203f16a8f4b26778d5c8c6847dc055acf5db91e0c5b0846de29ba5ea272ab2a0e4 200 in 63ms
Canton balances API error: Canton API 413: {"code":"JSON_API_MAXIMUM_LIST_ELEMENTS_NUMBER_REACHED","cause":"The number of matching elements (201) is greater than the node limit (200).","correlationId":"d69bc0838b81633c6efb62dbfd38b8f1","traceId":"d69bc0838b81633c6efb62dbfd38b8f1","context":{},"resources":[],"errorCategory":2,"grpcCodeValue":10,"retryInfo":"1 second","definiteAnswer":false}
 GET /api/canton-balances 502 in 81ms
 GET /api/canton-balances?party=minted-user-33f97321%3A%3A12203f16a8f4b26778d5c8c6847dc055acf5db91e0c5b0846de29ba5ea272ab2a0e4 200 in 83ms
Canton balances API error: Canton API 413: {"code":"JSON_API_MAXIMUM_LIST_ELEMENTS_NUMBER_REACHED","cause":"The number of matching elements (201) is greater than the node limit (200).","correlationId":"0f9515aca575cb9138abcbe25648f5f4","traceId":"0f9515aca575cb9138abcbe25648f5f4","context":{},"resources":[],"errorCategory":2,"grpcCodeValue":10,"retryInfo":"1 second","definiteAnswer":false}
 GET /api/canton-balances 502 in 143ms
 GET /api/canton-balances?party=minted-user-33f97321%3A%3A12203f16a8f4b26778d5c8c6847dc055acf5db91e0c5b0846de29ba5ea272ab2a0e4 200 in 36ms
Canton balances API error: Canton API 413: {"code":"JSON_API_MAXIMUM_LIST_ELEMENTS_NUMBER_REACHED","cause":"The number of matching elements (201) is greater than the node limit (200).","correlationId":"f91331f87e65926cd4103d808e6935fd","traceId":"f91331f87e65926cd4103d808e6935fd","context":{},"resources":[],"errorCategory":2,"grpcCodeValue":10,"retryInfo":"1 second","definiteAnswer":false}
 GET /api/canton-balances 502 in 49ms
 GET /api/canton-balances?party=minted-user-33f97321%3A%3A12203f16a8f4b26778d5c8c6847dc055acf5db91e0c5b0846de29ba5ea272ab2a0e4 200 in 20ms
Canton balances API error: Canton API 413: {"code":"JSON_API_MAXIMUM_LIST_ELEMENTS_NUMBER_REACHED","cause":"The number of matching elements (201) is greater than the node limit (200).","correlationId":"e4f30c1c439dcd8656cdad4e7b44b41a","traceId":"e4f30c1c439dcd8656cdad4e7b44b41a","context":{},"resources":[],"errorCategory":2,"grpcCodeValue":10,"retryInfo":"1 second","definiteAnswer":false}
 GET /api/canton-balances 502 in 39ms
 GET /api/canton-balances?party=minted-user-33f97321%3A%3A12203f16a8f4b26778d5c8c6847dc055acf5db91e0c5b0846de29ba5ea272ab2a0e4 200 in 44ms
Canton balances API error: Canton API 413: {"code":"JSON_API_MAXIMUM_LIST_ELEMENTS_NUMBER_REACHED","cause":"The number of matching elements (201) is greater than the node limit (200).","correlationId":"9f9ff1f5bbb126029a2cd0448af8f432","traceId":"9f9ff1f5bbb126029a2cd0448af8f432","context":{},"resources":[],"errorCategory":2,"grpcCodeValue":10,"retryInfo":"1 second","definiteAnswer":false}
 GET /api/canton-balances 502 in 55ms
 GET /api/canton-balances?party=minted-user-33f97321%3A%3A12203f16a8f4b26778d5c8c6847dc055acf5db91e0c5b0846de29ba5ea272ab2a0e4 200 in 28ms
Canton balances API error: Canton API 413: {"code":"JSON_API_MAXIMUM_LIST_ELEMENTS_NUMBER_REACHED","cause":"The number of matching elements (201) is greater than the node limit (200).","correlationId":"78a091e557a28d7c3ec8b6f108589fb3","traceId":"78a091e557a28d7c3ec8b6f108589fb3","context":{},"resources":[],"errorCategory":2,"grpcCodeValue":10,"retryInfo":"1 second","definiteAnswer":false}
 GET /api/canton-balances 502 in 130ms
 GET /api/canton-balances?party=minted-user-33f97321%3A%3A12203f16a8f4b26778d5c8c6847dc055acf5db91e0c5b0846de29ba5ea272ab2a0e4 200 in 45ms
Canton balances API error: Canton API 413: {"code":"JSON_API_MAXIMUM_LIST_ELEMENTS_NUMBER_REACHED","cause":"The number of matching elements (201) is greater than the node limit (200).","correlationId":"7eb5c5a643826083055a84edf196868f","traceId":"7eb5c5a643826083055a84edf196868f","context":{},"resources":[],"errorCategory":2,"grpcCodeValue":10,"retryInfo":"1 second","definiteAnswer":false}
 GET /api/canton-balances 502 in 93ms
 GET /api/canton-balances?party=minted-user-33f97321%3A%3A12203f16a8f4b26778d5c8c6847dc055acf5db91e0c5b0846de29ba5ea272ab2a0e4 200 in 50ms
Canton balances API error: Canton API 413: {"code":"JSON_API_MAXIMUM_LIST_ELEMENTS_NUMBER_REACHED","cause":"The number of matching elements (201) is greater than the node limit (200).","correlationId":"22a7542cdb837f81268a693ab60b9d38","traceId":"22a7542cdb837f81268a693ab60b9d38","context":{},"resources":[],"errorCategory":2,"grpcCodeValue":10,"retryInfo":"1 second","definiteAnswer":false}
 GET /api/canton-balances 502 in 60ms
 GET /api/canton-balances?party=minted-user-33f97321%3A%3A12203f16a8f4b26778d5c8c6847dc055acf5db91e0c5b0846de29ba5ea272ab2a0e4 200 in 75ms
Canton balances API error: Canton API 413: {"code":"JSON_API_MAXIMUM_LIST_ELEMENTS_NUMBER_REACHED","cause":"The number of matching elements (201) is greater than the node limit (200).","correlationId":"2dedaf1f5c5158af568025089204b1a6","traceId":"2dedaf1f5c5158af568025089204b1a6","context":{},"resources":[],"errorCategory":2,"grpcCodeValue":10,"retryInfo":"1 second","definiteAnswer":false}
 GET /api/canton-balances 502 in 143ms
 GET /api/canton-balances?party=minted-user-33f97321%3A%3A12203f16a8f4b26778d5c8c6847dc055acf5db91e0c5b0846de29ba5ea272ab2a0e4 200 in 93ms
Canton balances API error: Canton API 413: {"code":"JSON_API_MAXIMUM_LIST_ELEMENTS_NUMBER_REACHED","cause":"The number of matching elements (201) is greater than the node limit (200).","correlationId":"fe440ce36469622a45230846a81c9147","traceId":"fe440ce36469622a45230846a81c9147","context":{},"resources":[],"errorCategory":2,"grpcCodeValue":10,"retryInfo":"1 second","definiteAnswer":false}
 GET /api/canton-balances 502 in 131ms
 GET /api/canton-balances?party=minted-user-33f97321%3A%3A12203f16a8f4b26778d5c8c6847dc055acf5db91e0c5b0846de29ba5ea272ab2a0e4 200 in 41ms
Canton balances API error: Canton API 413: {"code":"JSON_API_MAXIMUM_LIST_ELEMENTS_NUMBER_REACHED","cause":"The number of matching elements (201) is greater than the node limit (200).","correlationId":"477bb756dc7d26af8a270a95f06605aa","traceId":"477bb756dc7d26af8a270a95f06605aa","context":{},"resources":[],"errorCategory":2,"grpcCodeValue":10,"retryInfo":"1 second","definiteAnswer":false}
 GET /api/canton-balances 502 in 50ms
 GET /api/canton-balances?party=minted-user-33f97321%3A%3A12203f16a8f4b26778d5c8c6847dc055acf5db91e0c5b0846de29ba5ea272ab2a0e4 200 in 38ms
Canton balances API error: Canton API 413: {"code":"JSON_API_MAXIMUM_LIST_ELEMENTS_NUMBER_REACHED","cause":"The number of matching elements (201) is greater than the node limit (200).","correlationId":"5cf2194a487b833b1c30aa38133ccc67","traceId":"5cf2194a487b833b1c30aa38133ccc67","context":{},"resources":[],"errorCategory":2,"grpcCodeValue":10,"retryInfo":"1 second","definiteAnswer":false}
 GET /api/canton-balances 502 in 60ms
 GET /api/canton-balances?party=minted-user-33f97321%3A%3A12203f16a8f4b26778d5c8c6847dc055acf5db91e0c5b0846de29ba5ea272ab2a0e4 200 in 37ms
Canton balances API error: Canton API 413: {"code":"JSON_API_MAXIMUM_LIST_ELEMENTS_NUMBER_REACHED","cause":"The number of matching elements (201) is greater than the node limit (200).","correlationId":"bfd54821a144c13d8f4ef4c26713e856","traceId":"bfd54821a144c13d8f4ef4c26713e856","context":{},"resources":[],"errorCategory":2,"grpcCodeValue":10,"retryInfo":"1 second","definiteAnswer":false}
 GET /api/canton-balances 502 in 44ms
 GET /api/canton-balances?party=minted-user-33f97321%3A%3A12203f16a8f4b26778d5c8c6847dc055acf5db91e0c5b0846de29ba5ea272ab2a0e4 200 in 24ms
Canton balances API error: Canton API 413: {"code":"JSON_API_MAXIMUM_LIST_ELEMENTS_NUMBER_REACHED","cause":"The number of matching elements (201) is greater than the node limit (200).","correlationId":"6c844e0a3172d635269fe329966c7bd7","traceId":"6c844e0a3172d635269fe329966c7bd7","context":{},"resources":[],"errorCategory":2,"grpcCodeValue":10,"retryInfo":"1 second","definiteAnswer":false}
 GET /api/canton-balances 502 in 35ms
 GET /api/canton-balances?party=minted-user-33f97321%3A%3A12203f16a8f4b26778d5c8c6847dc055acf5db91e0c5b0846de29ba5ea272ab2a0e4 200 in 299ms
Canton balances API error: Canton API 413: {"code":"JSON_API_MAXIMUM_LIST_ELEMENTS_NUMBER_REACHED","cause":"The number of matching elements (201) is greater than the node limit (200).","correlationId":"71681e55e64faaa6b983819331750f32","traceId":"71681e55e64faaa6b983819331750f32","context":{},"resources":[],"errorCategory":2,"grpcCodeValue":10,"retryInfo":"1 second","definiteAnswer":false}
 GET /api/canton-balances 502 in 321ms
 GET /api/canton-balances?party=minted-user-33f97321%3A%3A12203f16a8f4b26778d5c8c6847dc055acf5db91e0c5b0846de29ba5ea272ab2a0e4 200 in 35ms
Canton balances API error: Canton API 413: {"code":"JSON_API_MAXIMUM_LIST_ELEMENTS_NUMBER_REACHED","cause":"The number of matching elements (201) is greater than the node limit (200).","correlationId":"25b15f698a989f1374212f19f92a6289","traceId":"25b15f698a989f1374212f19f92a6289","context":{},"resources":[],"errorCategory":2,"grpcCodeValue":10,"retryInfo":"1 second","definiteAnswer":false}
 GET /api/canton-balances 502 in 53ms
 GET /api/canton-balances?party=minted-user-33f97321%3A%3A12203f16a8f4b26778d5c8c6847dc055acf5db91e0c5b0846de29ba5ea272ab2a0e4 200 in 52ms
Canton balances API error: Canton API 413: {"code":"JSON_API_MAXIMUM_LIST_ELEMENTS_NUMBER_REACHED","cause":"The number of matching elements (201) is greater than the node limit (200).","correlationId":"529a8e4be3f8f2f057935cc4a517dcc9","traceId":"529a8e4be3f8f2f057935cc4a517dcc9","context":{},"resources":[],"errorCategory":2,"grpcCodeValue":10,"retryInfo":"1 second","definiteAnswer":false}
 GET /api/canton-balances 502 in 60ms
 GET /api/canton-balances?party=minted-user-33f97321%3A%3A12203f16a8f4b26778d5c8c6847dc055acf5db91e0c5b0846de29ba5ea272ab2a0e4 200 in 40ms
 GET /api/canton-balances?party=minted-user-33f97321%3A%3A12203f16a8f4b26778d5c8c6847dc055acf5db91e0c5b0846de29ba5ea272ab2a0e4 200 in 20ms
 GET /api/canton-balances?party=minted-user-33f97321%3A%3A12203f16a8f4b26778d5c8c6847dc055acf5db91e0c5b0846de29ba5ea272ab2a0e4 200 in 44ms
Canton balances API error: Canton API 413: {"code":"JSON_API_MAXIMUM_LIST_ELEMENTS_NUMBER_REACHED","cause":"The number of matching elements (201) is greater than the node limit (200).","correlationId":"c304c3d6de5044d6a768c5922ec40753","traceId":"c304c3d6de5044d6a768c5922ec40753","context":{},"resources":[],"errorCategory":2,"grpcCodeValue":10,"retryInfo":"1 second","definiteAnswer":false}
 GET /api/canton-balances 502 in 62ms
 GET /api/canton-balances?party=minted-user-33f97321%3A%3A12203f16a8f4b26778d5c8c6847dc055acf5db91e0c5b0846de29ba5ea272ab2a0e4 200 in 29ms
Canton balances API error: Canton API 413: {"code":"JSON_API_MAXIMUM_LIST_ELEMENTS_NUMBER_REACHED","cause":"The number of matching elements (201) is greater than the node limit (200).","correlationId":"95ccb4c69c4b22973ab9a2a20d8e2aed","traceId":"95ccb4c69c4b22973ab9a2a20d8e2aed","context":{},"resources":[],"errorCategory":2,"grpcCodeValue":10,"retryInfo":"1 second","definiteAnswer":false}
 GET /api/canton-balances 502 in 39ms
 GET /api/canton-balances?party=minted-user-33f97321%3A%3A12203f16a8f4b26778d5c8c6847dc055acf5db91e0c5b0846de29ba5ea272ab2a0e4 200 in 88ms
Canton balances API error: Canton API 413: {"code":"JSON_API_MAXIMUM_LIST_ELEMENTS_NUMBER_REACHED","cause":"The number of matching elements (201) is greater than the node limit (200).","correlationId":"b387fc5b55723c93ff6803cf283e34d9","traceId":"b387fc5b55723c93ff6803cf283e34d9","context":{},"resources":[],"errorCategory":2,"grpcCodeValue":10,"retryInfo":"1 second","definiteAnswer":false}
 GET /api/canton-balances 502 in 135ms
 GET /api/canton-balances?party=minted-user-33f97321%3A%3A12203f16a8f4b26778d5c8c6847dc055acf5db91e0c5b0846de29ba5ea272ab2a0e4 200 in 208ms
Canton balances API error: Canton API 413: {"code":"JSON_API_MAXIMUM_LIST_ELEMENTS_NUMBER_REACHED","cause":"The number of matching elements (201) is greater than the node limit (200).","correlationId":"70ca70134b8773235aaf0a9780a73777","traceId":"70ca70134b8773235aaf0a9780a73777","context":{},"resources":[],"errorCategory":2,"grpcCodeValue":10,"retryInfo":"1 second","definiteAnswer":false}
 GET /api/canton-balances 502 in 345ms
 GET /api/canton-balances?party=minted-user-33f97321%3A%3A12203f16a8f4b26778d5c8c6847dc055acf5db91e0c5b0846de29ba5ea272ab2a0e4 200 in 498ms
Canton balances API error: Canton API 413: {"code":"JSON_API_MAXIMUM_LIST_ELEMENTS_NUMBER_REACHED","cause":"The number of matching elements (201) is greater than the node limit (200).","correlationId":"b7bc8a7f054d11ca905f720caa6273f8","traceId":"b7bc8a7f054d11ca905f720caa6273f8","context":{},"resources":[],"errorCategory":2,"grpcCodeValue":10,"retryInfo":"1 second","definiteAnswer":false}
 GET /api/canton-balances 502 in 480ms
 GET /api/canton-balances?party=minted-user-33f97321%3A%3A12203f16a8f4b26778d5c8c6847dc055acf5db91e0c5b0846de29ba5ea272ab2a0e4 200 in 378ms
Canton balances API error: Canton API 413: {"code":"JSON_API_MAXIMUM_LIST_ELEMENTS_NUMBER_REACHED","cause":"The number of matching elements (201) is greater than the node limit (200).","correlationId":"22b399366ffd8b250f0020d540956c76","traceId":"22b399366ffd8b250f0020d540956c76","context":{},"resources":[],"errorCategory":2,"grpcCodeValue":10,"retryInfo":"1 second","definiteAnswer":false}
 GET /api/canton-balances 502 in 584ms
 GET /api/canton-balances?party=minted-user-33f97321%3A%3A12203f16a8f4b26778d5c8c6847dc055acf5db91e0c5b0846de29ba5ea272ab2a0e4 200 in 204ms
Canton balances API error: Canton API 413: {"code":"JSON_API_MAXIMUM_LIST_ELEMENTS_NUMBER_REACHED","cause":"The number of matching elements (201) is greater than the node limit (200).","correlationId":"5d27b50512d572293aa78d07d2161a27","traceId":"5d27b50512d572293aa78d07d2161a27","context":{},"resources":[],"errorCategory":2,"grpcCodeValue":10,"retryInfo":"1 second","definiteAnswer":false}
 GET /api/canton-balances 502 in 375ms
 GET /api/canton-balances?party=minted-user-33f97321%3A%3A12203f16a8f4b26778d5c8c6847dc055acf5db91e0c5b0846de29ba5ea272ab2a0e4 200 in 672ms
Canton balances API error: Canton API 413: {"code":"JSON_API_MAXIMUM_LIST_ELEMENTS_NUMBER_REACHED","cause":"The number of matching elements (201) is greater than the node limit (200).","correlationId":"078ddfbe3d3d5faf786060a469459584","traceId":"078ddfbe3d3d5faf786060a469459584","context":{},"resources":[],"errorCategory":2,"grpcCodeValue":10,"retryInfo":"1 second","definiteAnswer":false}
 GET /api/canton-balances 502 in 772ms
 GET /api/canton-balances?party=minted-user-33f97321%3A%3A12203f16a8f4b26778d5c8c6847dc055acf5db91e0c5b0846de29ba5ea272ab2a0e4 200 in 461ms
Canton balances API error: Canton API 413: {"code":"JSON_API_MAXIMUM_LIST_ELEMENTS_NUMBER_REACHED","cause":"The number of matching elements (201) is greater than the node limit (200).","correlationId":"b1bc4b7be37f3f279019bfd8f7d83f07","traceId":"b1bc4b7be37f3f279019bfd8f7d83f07","context":{},"resources":[],"errorCategory":2,"grpcCodeValue":10,"retryInfo":"1 second","definiteAnswer":false}
 GET /api/canton-balances 502 in 573ms
 GET /api/canton-balances?party=minted-user-33f97321%3A%3A12203f16a8f4b26778d5c8c6847dc055acf5db91e0c5b0846de29ba5ea272ab2a0e4 200 in 74ms
Canton balances API error: Canton API 413: {"code":"JSON_API_MAXIMUM_LIST_ELEMENTS_NUMBER_REACHED","cause":"The number of matching elements (201) is greater than the node limit (200).","correlationId":"3a9de65e61c8c8dda5c13af40b9f2dd8","traceId":"3a9de65e61c8c8dda5c13af40b9f2dd8","context":{},"resources":[],"errorCategory":2,"grpcCodeValue":10,"retryInfo":"1 second","definiteAnswer":false}
 GET /api/canton-balances 502 in 107ms
 GET /api/canton-balances?party=minted-user-33f97321%3A%3A12203f16a8f4b26778d5c8c6847dc055acf5db91e0c5b0846de29ba5ea272ab2a0e4 200 in 146ms
Canton balances API error: Canton API 413: {"code":"JSON_API_MAXIMUM_LIST_ELEMENTS_NUMBER_REACHED","cause":"The number of matching elements (201) is greater than the node limit (200).","correlationId":"13267b183eff6dc22fda96d8b506d5c4","traceId":"13267b183eff6dc22fda96d8b506d5c4","context":{},"resources":[],"errorCategory":2,"grpcCodeValue":10,"retryInfo":"1 second","definiteAnswer":false}
 GET /api/canton-balances 502 in 172ms
 GET /api/canton-balances?party=minted-user-33f97321%3A%3A12203f16a8f4b26778d5c8c6847dc055acf5db91e0c5b0846de29ba5ea272ab2a0e4 200 in 159ms
Canton balances API error: Canton API 413: {"code":"JSON_API_MAXIMUM_LIST_ELEMENTS_NUMBER_REACHED","cause":"The number of matching elements (201) is greater than the node limit (200).","correlationId":"67252a06f93d1e6d91232246fcb53751","traceId":"67252a06f93d1e6d91232246fcb53751","context":{},"resources":[],"errorCategory":2,"grpcCodeValue":10,"retryInfo":"1 second","definiteAnswer":false}
 GET /api/canton-balances 502 in 181ms
 GET /api/canton-balances?party=minted-user-33f97321%3A%3A12203f16a8f4b26778d5c8c6847dc055acf5db91e0c5b0846de29ba5ea272ab2a0e4 200 in 74ms
Canton balances API error: Canton API 413: {"code":"JSON_API_MAXIMUM_LIST_ELEMENTS_NUMBER_REACHED","cause":"The number of matching elements (201) is greater than the node limit (200).","correlationId":"61d2a2d57b389aa452e84b0a20a48ae2","traceId":"61d2a2d57b389aa452e84b0a20a48ae2","context":{},"resources":[],"errorCategory":2,"grpcCodeValue":10,"retryInfo":"1 second","definiteAnswer":false}
 GET /api/canton-balances 502 in 109ms
 GET /api/canton-balances?party=minted-user-33f97321%3A%3A12203f16a8f4b26778d5c8c6847dc055acf5db91e0c5b0846de29ba5ea272ab2a0e4 200 in 62ms
Canton balances API error: Canton API 413: {"code":"JSON_API_MAXIMUM_LIST_ELEMENTS_NUMBER_REACHED","cause":"The number of matching elements (201) is greater than the node limit (200).","correlationId":"9dae26638acd0c68189ae2b1b901bf5c","traceId":"9dae26638acd0c68189ae2b1b901bf5c","context":{},"resources":[],"errorCategory":2,"grpcCodeValue":10,"retryInfo":"1 second","definiteAnswer":false}
 GET /api/canton-balances 502 in 100ms
 GET /api/canton-balances?party=minted-user-33f97321%3A%3A12203f16a8f4b26778d5c8c6847dc055acf5db91e0c5b0846de29ba5ea272ab2a0e4 200 in 121ms
 GET /api/canton-balances?party=minted-user-33f97321%3A%3A12203f16a8f4b26778d5c8c6847dc055acf5db91e0c5b0846de29ba5ea272ab2a0e4 200 in 35ms
 GET /api/canton-balances?party=minted-user-33f97321%3A%3A12203f16a8f4b26778d5c8c6847dc055acf5db91e0c5b0846de29ba5ea272ab2a0e4 200 in 65ms
Canton balances API error: Canton API 413: {"code":"JSON_API_MAXIMUM_LIST_ELEMENTS_NUMBER_REACHED","cause":"The number of matching elements (201) is greater than the node limit (200).","correlationId":"e4a9f8fb19d7cae7b604a573d0de17f8","traceId":"e4a9f8fb19d7cae7b604a573d0de17f8","context":{},"resources":[],"errorCategory":2,"grpcCodeValue":10,"retryInfo":"1 second","definiteAnswer":false}
 GET /api/canton-balances 502 in 88ms
 GET /api/canton-balances?party=minted-user-33f97321%3A%3A12203f16a8f4b26778d5c8c6847dc055acf5db91e0c5b0846de29ba5ea272ab2a0e4 200 in 70ms
Canton balances API error: Canton API 413: {"code":"JSON_API_MAXIMUM_LIST_ELEMENTS_NUMBER_REACHED","cause":"The number of matching elements (201) is greater than the node limit (200).","correlationId":"206650fc25f205c9f9f1854c50ccdc76","traceId":"206650fc25f205c9f9f1854c50ccdc76","context":{},"resources":[],"errorCategory":2,"grpcCodeValue":10,"retryInfo":"1 second","definiteAnswer":false}
 GET /api/canton-balances 502 in 94ms
 GET /api/canton-balances?party=minted-user-33f97321%3A%3A12203f16a8f4b26778d5c8c6847dc055acf5db91e0c5b0846de29ba5ea272ab2a0e4 200 in 43ms
Canton balances API error: Canton API 413: {"code":"JSON_API_MAXIMUM_LIST_ELEMENTS_NUMBER_REACHED","cause":"The number of matching elements (201) is greater than the node limit (200).","correlationId":"7afc5bb99a053254cd521b6a49f39e0d","traceId":"7afc5bb99a053254cd521b6a49f39e0d","context":{},"resources":[],"errorCategory":2,"grpcCodeValue":10,"retryInfo":"1 second","definiteAnswer":false}
 GET /api/canton-balances 502 in 60ms
 GET /api/canton-balances?party=minted-user-33f97321%3A%3A12203f16a8f4b26778d5c8c6847dc055acf5db91e0c5b0846de29ba5ea272ab2a0e4 200 in 63ms
Canton balances API error: Canton API 413: {"code":"JSON_API_MAXIMUM_LIST_ELEMENTS_NUMBER_REACHED","cause":"The number of matching elements (201) is greater than the node limit (200).","correlationId":"ddee33f317a40a28da83291aebaa3982","traceId":"ddee33f317a40a28da83291aebaa3982","context":{},"resources":[],"errorCategory":2,"grpcCodeValue":10,"retryInfo":"1 second","definiteAnswer":false}
 GET /api/canton-balances 502 in 87ms
 GET /api/canton-balances?party=minted-user-33f97321%3A%3A12203f16a8f4b26778d5c8c6847dc055acf5db91e0c5b0846de29ba5ea272ab2a0e4 200 in 609ms
Canton balances API error: Canton API 413: {"code":"JSON_API_MAXIMUM_LIST_ELEMENTS_NUMBER_REACHED","cause":"The number of matching elements (201) is greater than the node limit (200).","correlationId":"05229fb90ca06cab06d89ccb9622d874","traceId":"05229fb90ca06cab06d89ccb9622d874","context":{},"resources":[],"errorCategory":2,"grpcCodeValue":10,"retryInfo":"1 second","definiteAnswer":false}
 GET /api/canton-balances 502 in 638ms
 GET /api/canton-balances?party=minted-user-33f97321%3A%3A12203f16a8f4b26778d5c8c6847dc055acf5db91e0c5b0846de29ba5ea272ab2a0e4 200 in 68ms
Canton balances API error: Canton API 413: {"code":"JSON_API_MAXIMUM_LIST_ELEMENTS_NUMBER_REACHED","cause":"The number of matching elements (201) is greater than the node limit (200).","correlationId":"ec3b25e44a7af2005711abb03f2f1af9","traceId":"ec3b25e44a7af2005711abb03f2f1af9","context":{},"resources":[],"errorCategory":2,"grpcCodeValue":10,"retryInfo":"1 second","definiteAnswer":false}
 GET /api/canton-balances 502 in 94ms
 GET /api/canton-balances?party=minted-user-33f97321%3A%3A12203f16a8f4b26778d5c8c6847dc055acf5db91e0c5b0846de29ba5ea272ab2a0e4 200 in 120ms
Canton balances API error: Canton API 413: {"code":"JSON_API_MAXIMUM_LIST_ELEMENTS_NUMBER_REACHED","cause":"The number of matching elements (201) is greater than the node limit (200).","correlationId":"e6b5f912f5e466ee2591f34de55da1c2","traceId":"e6b5f912f5e466ee2591f34de55da1c2","context":{},"resources":[],"errorCategory":2,"grpcCodeValue":10,"retryInfo":"1 second","definiteAnswer":false}
 GET /api/canton-balances 502 in 176ms
 GET /api/canton-balances?party=minted-user-33f97321%3A%3A12203f16a8f4b26778d5c8c6847dc055acf5db91e0c5b0846de29ba5ea272ab2a0e4 200 in 151ms
Canton balances API error: Canton API 413: {"code":"JSON_API_MAXIMUM_LIST_ELEMENTS_NUMBER_REACHED","cause":"The number of matching elements (201) is greater than the node limit (200).","correlationId":"1299ce2c08a363641ba0437f8fa064a6","traceId":"1299ce2c08a363641ba0437f8fa064a6","context":{},"resources":[],"errorCategory":2,"grpcCodeValue":10,"retryInfo":"1 second","definiteAnswer":false}
 GET /api/canton-balances 502 in 183ms
 GET /api/canton-balances?party=minted-user-33f97321%3A%3A12203f16a8f4b26778d5c8c6847dc055acf5db91e0c5b0846de29ba5ea272ab2a0e4 200 in 189ms
Canton balances API error: Canton API 413: {"code":"JSON_API_MAXIMUM_LIST_ELEMENTS_NUMBER_REACHED","cause":"The number of matching elements (201) is greater than the node limit (200).","correlationId":"22275f46026b8cb3dcab88a60f1464fb","traceId":"22275f46026b8cb3dcab88a60f1464fb","context":{},"resources":[],"errorCategory":2,"grpcCodeValue":10,"retryInfo":"1 second","definiteAnswer":false}
 GET /api/canton-balances 502 in 235ms
 GET /api/canton-balances?party=minted-user-33f97321%3A%3A12203f16a8f4b26778d5c8c6847dc055acf5db91e0c5b0846de29ba5ea272ab2a0e4 200 in 65ms
Canton balances API error: Canton API 413: {"code":"JSON_API_MAXIMUM_LIST_ELEMENTS_NUMBER_REACHED","cause":"The number of matching elements (201) is greater than the node limit (200).","correlationId":"27a803d2ca66b309293f540757fb66be","traceId":"27a803d2ca66b309293f540757fb66be","context":{},"resources":[],"errorCategory":2,"grpcCodeValue":10,"retryInfo":"1 second","definiteAnswer":false}
 GET /api/canton-balances 502 in 78ms
 GET /api/canton-balances?party=minted-user-33f97321%3A%3A12203f16a8f4b26778d5c8c6847dc055acf5db91e0c5b0846de29ba5ea272ab2a0e4 200 in 166ms
Canton balances API error: Canton API 413: {"code":"JSON_API_MAXIMUM_LIST_ELEMENTS_NUMBER_REACHED","cause":"The number of matching elements (201) is greater than the node limit (200).","correlationId":"ce2fa1a46b4e9d7636e5214c9bb37bdc","traceId":"ce2fa1a46b4e9d7636e5214c9bb37bdc","context":{},"resources":[],"errorCategory":2,"grpcCodeValue":10,"retryInfo":"1 second","definiteAnswer":false}
 GET /api/canton-balances 502 in 194ms
 GET /api/canton-balances?party=minted-user-33f97321%3A%3A12203f16a8f4b26778d5c8c6847dc055acf5db91e0c5b0846de29ba5ea272ab2a0e4 200 in 157ms
Canton balances API error: Canton API 413: {"code":"JSON_API_MAXIMUM_LIST_ELEMENTS_NUMBER_REACHED","cause":"The number of matching elements (201) is greater than the node limit (200).","correlationId":"e3fdab35495cd4cd49fce93df1607edc","traceId":"e3fdab35495cd4cd49fce93df1607edc","context":{},"resources":[],"errorCategory":2,"grpcCodeValue":10,"retryInfo":"1 second","definiteAnswer":false}
 GET /api/canton-balances 502 in 174ms
 GET /api/canton-balances?party=minted-user-33f97321%3A%3A12203f16a8f4b26778d5c8c6847dc055acf5db91e0c5b0846de29ba5ea272ab2a0e4 200 in 89ms
Canton balances API error: Canton API 413: {"code":"JSON_API_MAXIMUM_LIST_ELEMENTS_NUMBER_REACHED","cause":"The number of matching elements (201) is greater than the node limit (200).","correlationId":"09f61542b9b58bbfae3404955dc8465f","traceId":"09f61542b9b58bbfae3404955dc8465f","context":{},"resources":[],"errorCategory":2,"grpcCodeValue":10,"retryInfo":"1 second","definiteAnswer":false}
 GET /api/canton-balances 502 in 110ms
 GET /api/canton-balances?party=minted-user-33f97321%3A%3A12203f16a8f4b26778d5c8c6847dc055acf5db91e0c5b0846de29ba5ea272ab2a0e4 200 in 82ms
Canton balances API error: Canton API 413: {"code":"JSON_API_MAXIMUM_LIST_ELEMENTS_NUMBER_REACHED","cause":"The number of matching elements (201) is greater than the node limit (200).","correlationId":"d5888214a1acb75b98c0152f3d44e119","traceId":"d5888214a1acb75b98c0152f3d44e119","context":{},"resources":[],"errorCategory":2,"grpcCodeValue":10,"retryInfo":"1 second","definiteAnswer":false}
 GET /api/canton-balances 502 in 106ms
 GET /api/canton-balances?party=minted-user-33f97321%3A%3A12203f16a8f4b26778d5c8c6847dc055acf5db91e0c5b0846de29ba5ea272ab2a0e4 200 in 371ms
Canton balances API error: Canton API 413: {"code":"JSON_API_MAXIMUM_LIST_ELEMENTS_NUMBER_REACHED","cause":"The number of matching elements (201) is greater than the node limit (200).","correlationId":"b32801c7381d4d22b93a9bfe25dfc66c","traceId":"b32801c7381d4d22b93a9bfe25dfc66c","context":{},"resources":[],"errorCategory":2,"grpcCodeValue":10,"retryInfo":"1 second","definiteAnswer":false}
 GET /api/canton-balances 502 in 501ms
 GET /api/canton-balances?party=minted-user-33f97321%3A%3A12203f16a8f4b26778d5c8c6847dc055acf5db91e0c5b0846de29ba5ea272ab2a0e4 200 in 210ms
Canton balances API error: Canton API 413: {"code":"JSON_API_MAXIMUM_LIST_ELEMENTS_NUMBER_REACHED","cause":"The number of matching elements (201) is greater than the node limit (200).","correlationId":"680a3a5af162010bed1ce485f87dc7e2","traceId":"680a3a5af162010bed1ce485f87dc7e2","context":{},"resources":[],"errorCategory":2,"grpcCodeValue":10,"retryInfo":"1 second","definiteAnswer":false}
 GET /api/canton-balances 502 in 297ms
 GET /api/canton-balances?party=minted-user-33f97321%3A%3A12203f16a8f4b26778d5c8c6847dc055acf5db91e0c5b0846de29ba5ea272ab2a0e4 200 in 68ms
Canton balances API error: Canton API 413: {"code":"JSON_API_MAXIMUM_LIST_ELEMENTS_NUMBER_REACHED","cause":"The number of matching elements (201) is greater than the node limit (200).","correlationId":"53a0be8c255dcb666b4bce71dd4a8afb","traceId":"53a0be8c255dcb666b4bce71dd4a8afb","context":{},"resources":[],"errorCategory":2,"grpcCodeValue":10,"retryInfo":"1 second","definiteAnswer":false}
 GET /api/canton-balances 502 in 84ms
 GET /api/canton-balances?party=minted-user-33f97321%3A%3A12203f16a8f4b26778d5c8c6847dc055acf5db91e0c5b0846de29ba5ea272ab2a0e4 200 in 88ms
Canton balances API error: Canton API 413: {"code":"JSON_API_MAXIMUM_LIST_ELEMENTS_NUMBER_REACHED","cause":"The number of matching elements (201) is greater than the node limit (200).","correlationId":"97401252f071ab5bb312c8c038b86fb3","traceId":"97401252f071ab5bb312c8c038b86fb3","context":{},"resources":[],"errorCategory":2,"grpcCodeValue":10,"retryInfo":"1 second","definiteAnswer":false}
 GET /api/canton-balances 502 in 109ms
 GET /api/canton-balances?party=minted-user-33f97321%3A%3A12203f16a8f4b26778d5c8c6847dc055acf5db91e0c5b0846de29ba5ea272ab2a0e4 200 in 81ms
Canton balances API error: Canton API 413: {"code":"JSON_API_MAXIMUM_LIST_ELEMENTS_NUMBER_REACHED","cause":"The number of matching elements (201) is greater than the node limit (200).","correlationId":"cbb509e8160c3e987861640afa284493","traceId":"cbb509e8160c3e987861640afa284493","context":{},"resources":[],"errorCategory":2,"grpcCodeValue":10,"retryInfo":"1 second","definiteAnswer":false}
 GET /api/canton-balances 502 in 113ms
 GET /api/canton-balances?party=minted-user-33f97321%3A%3A12203f16a8f4b26778d5c8c6847dc055acf5db91e0c5b0846de29ba5ea272ab2a0e4 200 in 83ms
Canton balances API error: Canton API 413: {"code":"JSON_API_MAXIMUM_LIST_ELEMENTS_NUMBER_REACHED","cause":"The number of matching elements (201) is greater than the node limit (200).","correlationId":"ea27b917c1c9d2faba81f221d480fca7","traceId":"ea27b917c1c9d2faba81f221d480fca7","context":{},"resources":[],"errorCategory":2,"grpcCodeValue":10,"retryInfo":"1 second","definiteAnswer":false}
 GET /api/canton-balances 502 in 104ms
 GET /api/canton-balances?party=minted-user-33f97321%3A%3A12203f16a8f4b26778d5c8c6847dc055acf5db91e0c5b0846de29ba5ea272ab2a0e4 200 in 68ms
Canton balances API error: Canton API 413: {"code":"JSON_API_MAXIMUM_LIST_ELEMENTS_NUMBER_REACHED","cause":"The number of matching elements (201) is greater than the node limit (200).","correlationId":"33d98f6afae7f43c3ae408391f36b6ae","traceId":"33d98f6afae7f43c3ae408391f36b6ae","context":{},"resources":[],"errorCategory":2,"grpcCodeValue":10,"retryInfo":"1 second","definiteAnswer":false}
 GET /api/canton-balances 502 in 115ms
 GET /api/canton-balances?party=minted-user-33f97321%3A%3A12203f16a8f4b26778d5c8c6847dc055acf5db91e0c5b0846de29ba5ea272ab2a0e4 200 in 116ms
Canton balances API error: Canton API 413: {"code":"JSON_API_MAXIMUM_LIST_ELEMENTS_NUMBER_REACHED","cause":"The number of matching elements (201) is greater than the node limit (200).","correlationId":"e4d75283f0f35973c4701c1aa7cbdf3f","traceId":"e4d75283f0f35973c4701c1aa7cbdf3f","context":{},"resources":[],"errorCategory":2,"grpcCodeValue":10,"retryInfo":"1 second","definiteAnswer":false}
 GET /api/canton-balances 502 in 140ms
 GET /api/canton-balances?party=minted-user-33f97321%3A%3A12203f16a8f4b26778d5c8c6847dc055acf5db91e0c5b0846de29ba5ea272ab2a0e4 200 in 125ms
Canton balances API error: Canton API 413: {"code":"JSON_API_MAXIMUM_LIST_ELEMENTS_NUMBER_REACHED","cause":"The number of matching elements (201) is greater than the node limit (200).","correlationId":"365827331b87b7e9f719b3a147532ebd","traceId":"365827331b87b7e9f719b3a147532ebd","context":{},"resources":[],"errorCategory":2,"grpcCodeValue":10,"retryInfo":"1 second","definiteAnswer":false}
 GET /api/canton-balances 502 in 144ms
 GET /api/canton-balances?party=minted-user-33f97321%3A%3A12203f16a8f4b26778d5c8c6847dc055acf5db91e0c5b0846de29ba5ea272ab2a0e4 200 in 164ms
Canton balances API error: Canton API 413: {"code":"JSON_API_MAXIMUM_LIST_ELEMENTS_NUMBER_REACHED","cause":"The number of matching elements (201) is greater than the node limit (200).","correlationId":"7933b898829f953a1442c4c1232bb50d","traceId":"7933b898829f953a1442c4c1232bb50d","context":{},"resources":[],"errorCategory":2,"grpcCodeValue":10,"retryInfo":"1 second","definiteAnswer":false}
 GET /api/canton-balances 502 in 186ms
 GET /api/canton-balances?party=minted-user-33f97321%3A%3A12203f16a8f4b26778d5c8c6847dc055acf5db91e0c5b0846de29ba5ea272ab2a0e4 200 in 96ms
Canton balances API error: Canton API 413: {"code":"JSON_API_MAXIMUM_LIST_ELEMENTS_NUMBER_REACHED","cause":"The number of matching elements (201) is greater than the node limit (200).","correlationId":"fa569e461997a65512741484810f8933","traceId":"fa569e461997a65512741484810f8933","context":{},"resources":[],"errorCategory":2,"grpcCodeValue":10,"retryInfo":"1 second","definiteAnswer":false}
 GET /api/canton-balances 502 in 112ms
 GET /api/canton-balances?party=minted-user-33f97321%3A%3A12203f16a8f4b26778d5c8c6847dc055acf5db91e0c5b0846de29ba5ea272ab2a0e4 200 in 97ms
Canton balances API error: Canton API 413: {"code":"JSON_API_MAXIMUM_LIST_ELEMENTS_NUMBER_REACHED","cause":"The number of matching elements (201) is greater than the node limit (200).","correlationId":"4d96a1835efa2f60969e21ac3472f4e7","traceId":"4d96a1835efa2f60969e21ac3472f4e7","context":{},"resources":[],"errorCategory":2,"grpcCodeValue":10,"retryInfo":"1 second","definiteAnswer":false}
 GET /api/canton-balances 502 in 149ms
 GET /api/canton-balances?party=minted-user-33f97321%3A%3A12203f16a8f4b26778d5c8c6847dc055acf5db91e0c5b0846de29ba5ea272ab2a0e4 200 in 230ms
Canton balances API error: Canton API 413: {"code":"JSON_API_MAXIMUM_LIST_ELEMENTS_NUMBER_REACHED","cause":"The number of matching elements (201) is greater than the node limit (200).","correlationId":"c0107377ab61c34358cb0051e8e0d7a1","traceId":"c0107377ab61c34358cb0051e8e0d7a1","context":{},"resources":[],"errorCategory":2,"grpcCodeValue":10,"retryInfo":"1 second","definiteAnswer":false}
 GET /api/canton-balances 502 in 258ms
 GET /api/canton-balances?party=minted-user-33f97321%3A%3A12203f16a8f4b26778d5c8c6847dc055acf5db91e0c5b0846de29ba5ea272ab2a0e4 200 in 57ms
Canton balances API error: Canton API 413: {"code":"JSON_API_MAXIMUM_LIST_ELEMENTS_NUMBER_REACHED","cause":"The number of matching elements (201) is greater than the node limit (200).","correlationId":"27cf1a2c92532f1993943d9d4c25de10","traceId":"27cf1a2c92532f1993943d9d4c25de10","context":{},"resources":[],"errorCategory":2,"grpcCodeValue":10,"retryInfo":"1 second","definiteAnswer":false}
 GET /api/canton-balances 502 in 72ms
 GET /api/canton-balances?party=minted-user-33f97321%3A%3A12203f16a8f4b26778d5c8c6847dc055acf5db91e0c5b0846de29ba5ea272ab2a0e4 200 in 66ms
Canton balances API error: Canton API 413: {"code":"JSON_API_MAXIMUM_LIST_ELEMENTS_NUMBER_REACHED","cause":"The number of matching elements (201) is greater than the node limit (200).","correlationId":"a466de469191624ce0c0ebf73cb1f28b","traceId":"a466de469191624ce0c0ebf73cb1f28b","context":{},"resources":[],"errorCategory":2,"grpcCodeValue":10,"retryInfo":"1 second","definiteAnswer":false}
 GET /api/canton-balances 502 in 78ms
 GET /api/canton-balances?party=minted-user-33f97321%3A%3A12203f16a8f4b26778d5c8c6847dc055acf5db91e0c5b0846de29ba5ea272ab2a0e4 200 in 67ms
Canton balances API error: Canton API 413: {"code":"JSON_API_MAXIMUM_LIST_ELEMENTS_NUMBER_REACHED","cause":"The number of matching elements (201) is greater than the node limit (200).","correlationId":"e6e8136efd96eca6f725f9d25775e0f9","traceId":"e6e8136efd96eca6f725f9d25775e0f9","context":{},"resources":[],"errorCategory":2,"grpcCodeValue":10,"retryInfo":"1 second","definiteAnswer":false}
 GET /api/canton-balances 502 in 84ms
 GET /api/canton-balances?party=minted-user-33f97321%3A%3A12203f16a8f4b26778d5c8c6847dc055acf5db91e0c5b0846de29ba5ea272ab2a0e4 200 in 77ms
Canton balances API error: Canton API 413: {"code":"JSON_API_MAXIMUM_LIST_ELEMENTS_NUMBER_REACHED","cause":"The number of matching elements (201) is greater than the node limit (200).","correlationId":"3e84a2a2307f670bd5284ac3c98aea56","traceId":"3e84a2a2307f670bd5284ac3c98aea56","context":{},"resources":[],"errorCategory":2,"grpcCodeValue":10,"retryInfo":"1 second","definiteAnswer":false}
 GET /api/canton-balances 502 in 99ms
 GET /api/canton-balances?party=minted-user-33f97321%3A%3A12203f16a8f4b26778d5c8c6847dc055acf5db91e0c5b0846de29ba5ea272ab2a0e4 200 in 89ms
Canton balances API error: Canton API 413: {"code":"JSON_API_MAXIMUM_LIST_ELEMENTS_NUMBER_REACHED","cause":"The number of matching elements (201) is greater than the node limit (200).","correlationId":"c438b49810d1b930c8e2d0e80c3c2732","traceId":"c438b49810d1b930c8e2d0e80c3c2732","context":{},"resources":[],"errorCategory":2,"grpcCodeValue":10,"retryInfo":"1 second","definiteAnswer":false}
 GET /api/canton-balances 502 in 103ms
 GET /api/canton-balances?party=minted-user-33f97321%3A%3A12203f16a8f4b26778d5c8c6847dc055acf5db91e0c5b0846de29ba5ea272ab2a0e4 200 in 485ms
Canton balances API error: Canton API 413: {"code":"JSON_API_MAXIMUM_LIST_ELEMENTS_NUMBER_REACHED","cause":"The number of matching elements (201) is greater than the node limit (200).","correlationId":"d1e2853a8a3773a00764d38b1335979c","traceId":"d1e2853a8a3773a00764d38b1335979c","context":{},"resources":[],"errorCategory":2,"grpcCodeValue":10,"retryInfo":"1 second","definiteAnswer":false}
 GET /api/canton-balances 502 in 536ms
 GET /api/canton-balances?party=minted-user-33f97321%3A%3A12203f16a8f4b26778d5c8c6847dc055acf5db91e0c5b0846de29ba5ea272ab2a0e4 200 in 195ms
Canton balances API error: Canton API 413: {"code":"JSON_API_MAXIMUM_LIST_ELEMENTS_NUMBER_REACHED","cause":"The number of matching elements (201) is greater than the node limit (200).","correlationId":"51a5a9c100e4bff7909095fcd80b46ea","traceId":"51a5a9c100e4bff7909095fcd80b46ea","context":{},"resources":[],"errorCategory":2,"grpcCodeValue":10,"retryInfo":"1 second","definiteAnswer":false}
 GET /api/canton-balances 502 in 258ms
 GET /api/canton-balances?party=minted-user-33f97321%3A%3A12203f16a8f4b26778d5c8c6847dc055acf5db91e0c5b0846de29ba5ea272ab2a0e4 200 in 717ms
Canton balances API error: Canton API 413: {"code":"JSON_API_MAXIMUM_LIST_ELEMENTS_NUMBER_REACHED","cause":"The number of matching elements (201) is greater than the node limit (200).","correlationId":"7f2c0b0fb58f097ba7bcca8d403947e9","traceId":"7f2c0b0fb58f097ba7bcca8d403947e9","context":{},"resources":[],"errorCategory":2,"grpcCodeValue":10,"retryInfo":"1 second","definiteAnswer":false}
 GET /api/canton-balances 502 in 770ms
 GET /api/canton-balances?party=minted-user-33f97321%3A%3A12203f16a8f4b26778d5c8c6847dc055acf5db91e0c5b0846de29ba5ea272ab2a0e4 200 in 85ms
Canton balances API error: Canton API 413: {"code":"JSON_API_MAXIMUM_LIST_ELEMENTS_NUMBER_REACHED","cause":"The number of matching elements (201) is greater than the node limit (200).","correlationId":"36e4a4cafdd418f1e28675978d7bfa44","traceId":"36e4a4cafdd418f1e28675978d7bfa44","context":{},"resources":[],"errorCategory":2,"grpcCodeValue":10,"retryInfo":"1 second","definiteAnswer":false}
 GET /api/canton-balances 502 in 166ms
 GET /api/canton-balances?party=minted-user-33f97321%3A%3A12203f16a8f4b26778d5c8c6847dc055acf5db91e0c5b0846de29ba5ea272ab2a0e4 200 in 1006ms
Canton balances API error: Canton API 413: {"code":"JSON_API_MAXIMUM_LIST_ELEMENTS_NUMBER_REACHED","cause":"The number of matching elements (201) is greater than the node limit (200).","correlationId":"4cc5111e20af253cf9bcafecf7a127b6","traceId":"4cc5111e20af253cf9bcafecf7a127b6","context":{},"resources":[],"errorCategory":2,"grpcCodeValue":10,"retryInfo":"1 second","definiteAnswer":false}
 GET /api/canton-balances 502 in 1067ms
 GET /api/canton-balances?party=minted-user-33f97321%3A%3A12203f16a8f4b26778d5c8c6847dc055acf5db91e0c5b0846de29ba5ea272ab2a0e4 200 in 613ms
Canton balances API error: Canton API 413: {"code":"JSON_API_MAXIMUM_LIST_ELEMENTS_NUMBER_REACHED","cause":"The number of matching elements (201) is greater than the node limit (200).","correlationId":"e18bf7585f68595103d8275337826550","traceId":"e18bf7585f68595103d8275337826550","context":{},"resources":[],"errorCategory":2,"grpcCodeValue":10,"retryInfo":"1 second","definiteAnswer":false}
 GET /api/canton-balances 502 in 896ms
 GET /api/canton-balances?party=minted-user-33f97321%3A%3A12203f16a8f4b26778d5c8c6847dc055acf5db91e0c5b0846de29ba5ea272ab2a0e4 200 in 144ms
 GET /api/canton-balances?party=minted-user-33f97321%3A%3A12203f16a8f4b26778d5c8c6847dc055acf5db91e0c5b0846de29ba5ea272ab2a0e4 200 in 79ms
 GET /api/canton-balances?party=minted-user-33f97321%3A%3A12203f16a8f4b26778d5c8c6847dc055acf5db91e0c5b0846de29ba5ea272ab2a0e4 200 in 48ms
Canton balances API error: Canton API 413: {"code":"JSON_API_MAXIMUM_LIST_ELEMENTS_NUMBER_REACHED","cause":"The number of matching elements (201) is greater than the node limit (200).","correlationId":"750bb0c54c2a6e2e71e774705aa9a953","traceId":"750bb0c54c2a6e2e71e774705aa9a953","context":{},"resources":[],"errorCategory":2,"grpcCodeValue":10,"retryInfo":"1 second","definiteAnswer":false}
 GET /api/canton-balances 502 in 85ms
 GET /api/canton-balances?party=minted-user-33f97321%3A%3A12203f16a8f4b26778d5c8c6847dc055acf5db91e0c5b0846de29ba5ea272ab2a0e4 200 in 55ms
Canton balances API error: Canton API 413: {"code":"JSON_API_MAXIMUM_LIST_ELEMENTS_NUMBER_REACHED","cause":"The number of matching elements (201) is greater than the node limit (200).","correlationId":"6999ba3daa6644d1fd92366248c346d1","traceId":"6999ba3daa6644d1fd92366248c346d1","context":{},"resources":[],"errorCategory":2,"grpcCodeValue":10,"retryInfo":"1 second","definiteAnswer":false}
 GET /api/canton-balances 502 in 70ms
 GET /api/canton-balances?party=minted-user-33f97321%3A%3A12203f16a8f4b26778d5c8c6847dc055acf5db91e0c5b0846de29ba5ea272ab2a0e4 200 in 55ms
Canton balances API error: Canton API 413: {"code":"JSON_API_MAXIMUM_LIST_ELEMENTS_NUMBER_REACHED","cause":"The number of matching elements (201) is greater than the node limit (200).","correlationId":"65024d793b85a4c5484191dedff78d91","traceId":"65024d793b85a4c5484191dedff78d91","context":{},"resources":[],"errorCategory":2,"grpcCodeValue":10,"retryInfo":"1 second","definiteAnswer":false}
 GET /api/canton-balances 502 in 83ms
 GET /api/canton-balances?party=minted-user-33f97321%3A%3A12203f16a8f4b26778d5c8c6847dc055acf5db91e0c5b0846de29ba5ea272ab2a0e4 200 in 102ms
Canton balances API error: Canton API 413: {"code":"JSON_API_MAXIMUM_LIST_ELEMENTS_NUMBER_REACHED","cause":"The number of matching elements (201) is greater than the node limit (200).","correlationId":"002222356b3090c4571da0130cb09c1c","traceId":"002222356b3090c4571da0130cb09c1c","context":{},"resources":[],"errorCategory":2,"grpcCodeValue":10,"retryInfo":"1 second","definiteAnswer":false}
 GET /api/canton-balances 502 in 117ms
 GET /api/canton-balances?party=minted-user-33f97321%3A%3A12203f16a8f4b26778d5c8c6847dc055acf5db91e0c5b0846de29ba5ea272ab2a0e4 200 in 256ms
Canton balances API error: Canton API 413: {"code":"JSON_API_MAXIMUM_LIST_ELEMENTS_NUMBER_REACHED","cause":"The number of matching elements (201) is greater than the node limit (200).","correlationId":"0e2b684d0cec6a3c13f3227898ed0cb4","traceId":"0e2b684d0cec6a3c13f3227898ed0cb4","context":{},"resources":[],"errorCategory":2,"grpcCodeValue":10,"retryInfo":"1 second","definiteAnswer":false}
 GET /api/canton-balances 502 in 284ms
 GET /api/canton-balances?party=minted-user-33f97321%3A%3A12203f16a8f4b26778d5c8c6847dc055acf5db91e0c5b0846de29ba5ea272ab2a0e4 200 in 67ms
Canton balances API error: Canton API 413: {"code":"JSON_API_MAXIMUM_LIST_ELEMENTS_NUMBER_REACHED","cause":"The number of matching elements (201) is greater than the node limit (200).","correlationId":"ce196c8371ff26f327ac01d645baad4d","traceId":"ce196c8371ff26f327ac01d645baad4d","context":{},"resources":[],"errorCategory":2,"grpcCodeValue":10,"retryInfo":"1 second","definiteAnswer":false}
 GET /api/canton-balances 502 in 90ms
 GET /api/canton-balances?party=minted-user-33f97321%3A%3A12203f16a8f4b26778d5c8c6847dc055acf5db91e0c5b0846de29ba5ea272ab2a0e4 200 in 79ms
Canton balances API error: Canton API 413: {"code":"JSON_API_MAXIMUM_LIST_ELEMENTS_NUMBER_REACHED","cause":"The number of matching elements (201) is greater than the node limit (200).","correlationId":"c1c073bfcc344a3e07c4a9180565e2c8","traceId":"c1c073bfcc344a3e07c4a9180565e2c8","context":{},"resources":[],"errorCategory":2,"grpcCodeValue":10,"retryInfo":"1 second","definiteAnswer":false}
 GET /api/canton-balances 502 in 112ms
 GET /api/canton-balances?party=minted-user-33f97321%3A%3A12203f16a8f4b26778d5c8c6847dc055acf5db91e0c5b0846de29ba5ea272ab2a0e4 200 in 200ms
 GET /api/canton-balances?party=minted-user-33f97321%3A%3A12203f16a8f4b26778d5c8c6847dc055acf5db91e0c5b0846de29ba5ea272ab2a0e4 200 in 105ms
 GET /api/canton-balances?party=minted-user-33f97321%3A%3A12203f16a8f4b26778d5c8c6847dc055acf5db91e0c5b0846de29ba5ea272ab2a0e4 200 in 46ms
Canton balances API error: Canton API 413: {"code":"JSON_API_MAXIMUM_LIST_ELEMENTS_NUMBER_REACHED","cause":"The number of matching elements (201) is greater than the node limit (200).","correlationId":"51a7ef9e3ae18300a47d166079f4ecac","traceId":"51a7ef9e3ae18300a47d166079f4ecac","context":{},"resources":[],"errorCategory":2,"grpcCodeValue":10,"retryInfo":"1 second","definiteAnswer":false}
 GET /api/canton-balances 502 in 97ms
 GET /api/canton-balances?party=minted-user-33f97321%3A%3A12203f16a8f4b26778d5c8c6847dc055acf5db91e0c5b0846de29ba5ea272ab2a0e4 200 in 57ms
Canton balances API error: Canton API 413: {"code":"JSON_API_MAXIMUM_LIST_ELEMENTS_NUMBER_REACHED","cause":"The number of matching elements (201) is greater than the node limit (200).","correlationId":"7052f10e2ada720e26691194c724fffc","traceId":"7052f10e2ada720e26691194c724fffc","context":{},"resources":[],"errorCategory":2,"grpcCodeValue":10,"retryInfo":"1 second","definiteAnswer":false}
 GET /api/canton-balances 502 in 152ms
 GET /api/canton-balances?party=minted-user-33f97321%3A%3A12203f16a8f4b26778d5c8c6847dc055acf5db91e0c5b0846de29ba5ea272ab2a0e4 200 in 193ms
Canton balances API error: Canton API 413: {"code":"JSON_API_MAXIMUM_LIST_ELEMENTS_NUMBER_REACHED","cause":"The number of matching elements (201) is greater than the node limit (200).","correlationId":"b8844f0ea6eca4edec1a3f4fcb302c67","traceId":"b8844f0ea6eca4edec1a3f4fcb302c67","context":{},"resources":[],"errorCategory":2,"grpcCodeValue":10,"retryInfo":"1 second","definiteAnswer":false}
 GET /api/canton-balances 502 in 281ms
 GET /api/canton-balances?party=minted-user-33f97321%3A%3A12203f16a8f4b26778d5c8c6847dc055acf5db91e0c5b0846de29ba5ea272ab2a0e4 200 in 207ms
Canton balances API error: Canton API 413: {"code":"JSON_API_MAXIMUM_LIST_ELEMENTS_NUMBER_REACHED","cause":"The number of matching elements (201) is greater than the node limit (200).","correlationId":"a43cee38d0abe182e7cfecbe72b9af35","traceId":"a43cee38d0abe182e7cfecbe72b9af35","context":{},"resources":[],"errorCategory":2,"grpcCodeValue":10,"retryInfo":"1 second","definiteAnswer":false}
 GET /api/canton-balances 502 in 189ms
 GET /api/canton-balances?party=minted-user-33f97321%3A%3A12203f16a8f4b26778d5c8c6847dc055acf5db91e0c5b0846de29ba5ea272ab2a0e4 200 in 366ms
Canton balances API error: Canton API 413: {"code":"JSON_API_MAXIMUM_LIST_ELEMENTS_NUMBER_REACHED","cause":"The number of matching elements (201) is greater than the node limit (200).","correlationId":"20077d5cd96f78e61fc21371ec5c2550","traceId":"20077d5cd96f78e61fc21371ec5c2550","context":{},"resources":[],"errorCategory":2,"grpcCodeValue":10,"retryInfo":"1 second","definiteAnswer":false}
 GET /api/canton-balances 502 in 447ms
 GET /api/canton-balances?party=minted-user-33f97321%3A%3A12203f16a8f4b26778d5c8c6847dc055acf5db91e0c5b0846de29ba5ea272ab2a0e4 200 in 97ms
Canton balances API error: Canton API 413: {"code":"JSON_API_MAXIMUM_LIST_ELEMENTS_NUMBER_REACHED","cause":"The number of matching elements (201) is greater than the node limit (200).","correlationId":"3da0b72e09ae81820c4c018248c821fe","traceId":"3da0b72e09ae81820c4c018248c821fe","context":{},"resources":[],"errorCategory":2,"grpcCodeValue":10,"retryInfo":"1 second","definiteAnswer":false}
 GET /api/canton-balances 502 in 216ms
 GET /api/canton-balances?party=minted-user-33f97321%3A%3A12203f16a8f4b26778d5c8c6847dc055acf5db91e0c5b0846de29ba5ea272ab2a0e4 200 in 82ms
Canton balances API error: Canton API 413: {"code":"JSON_API_MAXIMUM_LIST_ELEMENTS_NUMBER_REACHED","cause":"The number of matching elements (201) is greater than the node limit (200).","correlationId":"298a032d063661d55ab590aee0aead1d","traceId":"298a032d063661d55ab590aee0aead1d","context":{},"resources":[],"errorCategory":2,"grpcCodeValue":10,"retryInfo":"1 second","definiteAnswer":false}
 GET /api/canton-balances 502 in 90ms
 GET /api/canton-balances?party=minted-user-33f97321%3A%3A12203f16a8f4b26778d5c8c6847dc055acf5db91e0c5b0846de29ba5ea272ab2a0e4 200 in 36ms
Canton balances API error: Canton API 413: {"code":"JSON_API_MAXIMUM_LIST_ELEMENTS_NUMBER_REACHED","cause":"The number of matching elements (201) is greater than the node limit (200).","correlationId":"fd351dc5ed9272ad9e127bdb2aa4be28","traceId":"fd351dc5ed9272ad9e127bdb2aa4be28","context":{},"resources":[],"errorCategory":2,"grpcCodeValue":10,"retryInfo":"1 second","definiteAnswer":false}
 GET /api/canton-balances 502 in 54ms
 GET /api/canton-balances?party=minted-user-33f97321%3A%3A12203f16a8f4b26778d5c8c6847dc055acf5db91e0c5b0846de29ba5ea272ab2a0e4 200 in 47ms
Canton balances API error: Canton API 413: {"code":"JSON_API_MAXIMUM_LIST_ELEMENTS_NUMBER_REACHED","cause":"The number of matching elements (201) is greater than the node limit (200).","correlationId":"620b06c68f61724dab9e83753a72a20b","traceId":"620b06c68f61724dab9e83753a72a20b","context":{},"resources":[],"errorCategory":2,"grpcCodeValue":10,"retryInfo":"1 second","definiteAnswer":false}
 GET /api/canton-balances 502 in 115ms
 GET /api/canton-balances?party=minted-user-33f97321%3A%3A12203f16a8f4b26778d5c8c6847dc055acf5db91e0c5b0846de29ba5ea272ab2a0e4 200 in 181ms
Canton balances API error: Canton API 413: {"code":"JSON_API_MAXIMUM_LIST_ELEMENTS_NUMBER_REACHED","cause":"The number of matching elements (201) is greater than the node limit (200).","correlationId":"f813b7a543c47eda67c46564d8150fe3","traceId":"f813b7a543c47eda67c46564d8150fe3","context":{},"resources":[],"errorCategory":2,"grpcCodeValue":10,"retryInfo":"1 second","definiteAnswer":false}
 GET /api/canton-balances 502 in 123ms
 GET /api/canton-balances?party=minted-user-33f97321%3A%3A12203f16a8f4b26778d5c8c6847dc055acf5db91e0c5b0846de29ba5ea272ab2a0e4 200 in 66ms
Canton balances API error: Canton API 413: {"code":"JSON_API_MAXIMUM_LIST_ELEMENTS_NUMBER_REACHED","cause":"The number of matching elements (201) is greater than the node limit (200).","correlationId":"465e1de37846bbbc786756dd229143c5","traceId":"465e1de37846bbbc786756dd229143c5","context":{},"resources":[],"errorCategory":2,"grpcCodeValue":10,"retryInfo":"1 second","definiteAnswer":false}
 GET /api/canton-balances 502 in 69ms
 GET /api/canton-balances?party=minted-user-33f97321%3A%3A12203f16a8f4b26778d5c8c6847dc055acf5db91e0c5b0846de29ba5ea272ab2a0e4 200 in 37ms
Canton balances API error: Canton API 413: {"code":"JSON_API_MAXIMUM_LIST_ELEMENTS_NUMBER_REACHED","cause":"The number of matching elements (201) is greater than the node limit (200).","correlationId":"4705f163c27ffd4f1f22dba10f68d76b","traceId":"4705f163c27ffd4f1f22dba10f68d76b","context":{},"resources":[],"errorCategory":2,"grpcCodeValue":10,"retryInfo":"1 second","definiteAnswer":false}
 GET /api/canton-balances 502 in 61ms
 GET /api/canton-balances?party=minted-user-33f97321%3A%3A12203f16a8f4b26778d5c8c6847dc055acf5db91e0c5b0846de29ba5ea272ab2a0e4 200 in 67ms
 GET /api/canton-balances?party=minted-user-33f97321%3A%3A12203f16a8f4b26778d5c8c6847dc055acf5db91e0c5b0846de29ba5ea272ab2a0e4 200 in 25ms
 GET /api/canton-balances?party=minted-user-33f97321%3A%3A12203f16a8f4b26778d5c8c6847dc055acf5db91e0c5b0846de29ba5ea272ab2a0e4 200 in 45ms
Canton balances API error: Canton API 413: {"code":"JSON_API_MAXIMUM_LIST_ELEMENTS_NUMBER_REACHED","cause":"The number of matching elements (201) is greater than the node limit (200).","correlationId":"0f35acd857647dc231571af86e612e15","traceId":"0f35acd857647dc231571af86e612e15","context":{},"resources":[],"errorCategory":2,"grpcCodeValue":10,"retryInfo":"1 second","definiteAnswer":false}
 GET /api/canton-balances 502 in 55ms
 GET /api/canton-balances?party=minted-user-33f97321%3A%3A12203f16a8f4b26778d5c8c6847dc055acf5db91e0c5b0846de29ba5ea272ab2a0e4 200 in 26ms
Canton balances API error: Canton API 413: {"code":"JSON_API_MAXIMUM_LIST_ELEMENTS_NUMBER_REACHED","cause":"The number of matching elements (201) is greater than the node limit (200).","correlationId":"9aa5765ce6c32d199b9f43d6f1fc66a0","traceId":"9aa5765ce6c32d199b9f43d6f1fc66a0","context":{},"resources":[],"errorCategory":2,"grpcCodeValue":10,"retryInfo":"1 second","definiteAnswer":false}
 GET /api/canton-balances 502 in 52ms
 GET /api/canton-balances?party=minted-user-33f97321%3A%3A12203f16a8f4b26778d5c8c6847dc055acf5db91e0c5b0846de29ba5ea272ab2a0e4 200 in 51ms
Canton balances API error: Canton API 413: {"code":"JSON_API_MAXIMUM_LIST_ELEMENTS_NUMBER_REACHED","cause":"The number of matching elements (201) is greater than the node limit (200).","correlationId":"852cf62e2a36c2fd0793fcdcdd01a9fc","traceId":"852cf62e2a36c2fd0793fcdcdd01a9fc","context":{},"resources":[],"errorCategory":2,"grpcCodeValue":10,"retryInfo":"1 second","definiteAnswer":false}
 GET /api/canton-balances 502 in 93ms
 GET /api/canton-balances?party=minted-user-33f97321%3A%3A12203f16a8f4b26778d5c8c6847dc055acf5db91e0c5b0846de29ba5ea272ab2a0e4 200 in 55ms
Canton balances API error: Canton API 413: {"code":"JSON_API_MAXIMUM_LIST_ELEMENTS_NUMBER_REACHED","cause":"The number of matching elements (201) is greater than the node limit (200).","correlationId":"0a28448a34aabf9a387e792e9e32dee9","traceId":"0a28448a34aabf9a387e792e9e32dee9","context":{},"resources":[],"errorCategory":2,"grpcCodeValue":10,"retryInfo":"1 second","definiteAnswer":false}
 GET /api/canton-balances 502 in 194ms
 GET /api/canton-balances?party=minted-user-33f97321%3A%3A12203f16a8f4b26778d5c8c6847dc055acf5db91e0c5b0846de29ba5ea272ab2a0e4 200 in 78ms
Canton balances API error: Canton API 413: {"code":"JSON_API_MAXIMUM_LIST_ELEMENTS_NUMBER_REACHED","cause":"The number of matching elements (201) is greater than the node limit (200).","correlationId":"1e1e6098150a610fe8bab13825cc9c8e","traceId":"1e1e6098150a610fe8bab13825cc9c8e","context":{},"resources":[],"errorCategory":2,"grpcCodeValue":10,"retryInfo":"1 second","definiteAnswer":false}
 GET /api/canton-balances 502 in 130ms
 GET /api/canton-balances?party=minted-user-33f97321%3A%3A12203f16a8f4b26778d5c8c6847dc055acf5db91e0c5b0846de29ba5ea272ab2a0e4 200 in 71ms
Canton balances API error: Canton API 413: {"code":"JSON_API_MAXIMUM_LIST_ELEMENTS_NUMBER_REACHED","cause":"The number of matching elements (201) is greater than the node limit (200).","correlationId":"fc16f609dc981e8fa05b714fc1aec86b","traceId":"fc16f609dc981e8fa05b714fc1aec86b","context":{},"resources":[],"errorCategory":2,"grpcCodeValue":10,"retryInfo":"1 second","definiteAnswer":false}
 GET /api/canton-balances 502 in 95ms
 GET /api/canton-balances?party=minted-user-33f97321%3A%3A12203f16a8f4b26778d5c8c6847dc055acf5db91e0c5b0846de29ba5ea272ab2a0e4 200 in 241ms
Canton balances API error: Canton API 413: {"code":"JSON_API_MAXIMUM_LIST_ELEMENTS_NUMBER_REACHED","cause":"The number of matching elements (201) is greater than the node limit (200).","correlationId":"8384581a2a9a94acaf2593b98c573b2b","traceId":"8384581a2a9a94acaf2593b98c573b2b","context":{},"resources":[],"errorCategory":2,"grpcCodeValue":10,"retryInfo":"1 second","definiteAnswer":false}
 GET /api/canton-balances 502 in 447ms
 GET /api/canton-balances?party=minted-user-33f97321%3A%3A12203f16a8f4b26778d5c8c6847dc055acf5db91e0c5b0846de29ba5ea272ab2a0e4 200 in 206ms
Canton balances API error: Canton API 413: {"code":"JSON_API_MAXIMUM_LIST_ELEMENTS_NUMBER_REACHED","cause":"The number of matching elements (201) is greater than the node limit (200).","correlationId":"d778a2cd3fad1e5fc734e68126b81bc4","traceId":"d778a2cd3fad1e5fc734e68126b81bc4","context":{},"resources":[],"errorCategory":2,"grpcCodeValue":10,"retryInfo":"1 second","definiteAnswer":false}
 GET /api/canton-balances 502 in 104ms
 GET /api/canton-balances?party=minted-user-33f97321%3A%3A12203f16a8f4b26778d5c8c6847dc055acf5db91e0c5b0846de29ba5ea272ab2a0e4 200 in 37ms
Canton balances API error: Canton API 413: {"code":"JSON_API_MAXIMUM_LIST_ELEMENTS_NUMBER_REACHED","cause":"The number of matching elements (201) is greater than the node limit (200).","correlationId":"aa2525cef035a2cdcbf3bc7ddce63781","traceId":"aa2525cef035a2cdcbf3bc7ddce63781","context":{},"resources":[],"errorCategory":2,"grpcCodeValue":10,"retryInfo":"1 second","definiteAnswer":false}
 GET /api/canton-balances 502 in 46ms
 GET /api/canton-balances?party=minted-user-33f97321%3A%3A12203f16a8f4b26778d5c8c6847dc055acf5db91e0c5b0846de29ba5ea272ab2a0e4 200 in 32ms
Canton balances API error: Canton API 413: {"code":"JSON_API_MAXIMUM_LIST_ELEMENTS_NUMBER_REACHED","cause":"The number of matching elements (201) is greater than the node limit (200).","correlationId":"27c1cbfadbdd1ecc33539b54dff550cd","traceId":"27c1cbfadbdd1ecc33539b54dff550cd","context":{},"resources":[],"errorCategory":2,"grpcCodeValue":10,"retryInfo":"1 second","definiteAnswer":false}
 GET /api/canton-balances 502 in 56ms
 GET /api/canton-balances?party=minted-user-33f97321%3A%3A12203f16a8f4b26778d5c8c6847dc055acf5db91e0c5b0846de29ba5ea272ab2a0e4 200 in 65ms
Canton balances API error: Canton API 413: {"code":"JSON_API_MAXIMUM_LIST_ELEMENTS_NUMBER_REACHED","cause":"The number of matching elements (201) is greater than the node limit (200).","correlationId":"a0b3f93960afd47bb641b153a9faf363","traceId":"a0b3f93960afd47bb641b153a9faf363","context":{},"resources":[],"errorCategory":2,"grpcCodeValue":10,"retryInfo":"1 second","definiteAnswer":false}
 GET /api/canton-balances 502 in 89ms
 GET /api/canton-balances?party=minted-user-33f97321%3A%3A12203f16a8f4b26778d5c8c6847dc055acf5db91e0c5b0846de29ba5ea272ab2a0e4 200 in 51ms
Canton balances API error: Canton API 413: {"code":"JSON_API_MAXIMUM_LIST_ELEMENTS_NUMBER_REACHED","cause":"The number of matching elements (201) is greater than the node limit (200).","correlationId":"8e74f4d5a99b2872c3da4e70259dcd64","traceId":"8e74f4d5a99b2872c3da4e70259dcd64","context":{},"resources":[],"errorCategory":2,"grpcCodeValue":10,"retryInfo":"1 second","definiteAnswer":false}
 GET /api/canton-balances 502 in 60ms
 GET /api/canton-balances?party=minted-user-33f97321%3A%3A12203f16a8f4b26778d5c8c6847dc055acf5db91e0c5b0846de29ba5ea272ab2a0e4 200 in 42ms
Canton balances API error: Canton API 413: {"code":"JSON_API_MAXIMUM_LIST_ELEMENTS_NUMBER_REACHED","cause":"The number of matching elements (201) is greater than the node limit (200).","correlationId":"dc6a592187836d98f4cbd82ff48bbd94","traceId":"dc6a592187836d98f4cbd82ff48bbd94","context":{},"resources":[],"errorCategory":2,"grpcCodeValue":10,"retryInfo":"1 second","definiteAnswer":false}
 GET /api/canton-balances 502 in 49ms
 GET /api/canton-balances?party=minted-user-33f97321%3A%3A12203f16a8f4b26778d5c8c6847dc055acf5db91e0c5b0846de29ba5ea272ab2a0e4 200 in 25ms
Canton balances API error: Canton API 413: {"code":"JSON_API_MAXIMUM_LIST_ELEMENTS_NUMBER_REACHED","cause":"The number of matching elements (201) is greater than the node limit (200).","correlationId":"48fb1bb8a624c7635419ea13b0fafc4f","traceId":"48fb1bb8a624c7635419ea13b0fafc4f","context":{},"resources":[],"errorCategory":2,"grpcCodeValue":10,"retryInfo":"1 second","definiteAnswer":false}
 GET /api/canton-balances 502 in 35ms
 GET /api/canton-balances?party=minted-user-33f97321%3A%3A12203f16a8f4b26778d5c8c6847dc055acf5db91e0c5b0846de29ba5ea272ab2a0e4 200 in 34ms
Canton balances API error: Canton API 413: {"code":"JSON_API_MAXIMUM_LIST_ELEMENTS_NUMBER_REACHED","cause":"The number of matching elements (201) is greater than the node limit (200).","correlationId":"32cc3231be33fbf4918df7cdce97a7c3","traceId":"32cc3231be33fbf4918df7cdce97a7c3","context":{},"resources":[],"errorCategory":2,"grpcCodeValue":10,"retryInfo":"1 second","definiteAnswer":false}
 GET /api/canton-balances 502 in 49ms
 GET /api/canton-balances?party=minted-user-33f97321%3A%3A12203f16a8f4b26778d5c8c6847dc055acf5db91e0c5b0846de29ba5ea272ab2a0e4 200 in 28ms
Canton balances API error: Canton API 413: {"code":"JSON_API_MAXIMUM_LIST_ELEMENTS_NUMBER_REACHED","cause":"The number of matching elements (201) is greater than the node limit (200).","correlationId":"9c250ae85e7bb86a49dd11d672d0b16e","traceId":"9c250ae85e7bb86a49dd11d672d0b16e","context":{},"resources":[],"errorCategory":2,"grpcCodeValue":10,"retryInfo":"1 second","definiteAnswer":false}
 GET /api/canton-balances 502 in 45ms
 GET /api/canton-balances?party=minted-user-33f97321%3A%3A12203f16a8f4b26778d5c8c6847dc055acf5db91e0c5b0846de29ba5ea272ab2a0e4 200 in 40ms
Canton balances API error: Canton API 413: {"code":"JSON_API_MAXIMUM_LIST_ELEMENTS_NUMBER_REACHED","cause":"The number of matching elements (201) is greater than the node limit (200).","correlationId":"5fde4b75cf4b4075d1a9a421d13af8c8","traceId":"5fde4b75cf4b4075d1a9a421d13af8c8","context":{},"resources":[],"errorCategory":2,"grpcCodeValue":10,"retryInfo":"1 second","definiteAnswer":false}
 GET /api/canton-balances 502 in 55ms
 GET /api/canton-balances?party=minted-user-33f97321%3A%3A12203f16a8f4b26778d5c8c6847dc055acf5db91e0c5b0846de29ba5ea272ab2a0e4 200 in 24ms
Canton balances API error: Canton API 413: {"code":"JSON_API_MAXIMUM_LIST_ELEMENTS_NUMBER_REACHED","cause":"The number of matching elements (201) is greater than the node limit (200).","correlationId":"af56ce8634b83e125d41ea4b7d6f8e95","traceId":"af56ce8634b83e125d41ea4b7d6f8e95","context":{},"resources":[],"errorCategory":2,"grpcCodeValue":10,"retryInfo":"1 second","definiteAnswer":false}
 GET /api/canton-balances 502 in 29ms
 GET /api/canton-balances?party=minted-user-33f97321%3A%3A12203f16a8f4b26778d5c8c6847dc055acf5db91e0c5b0846de29ba5ea272ab2a0e4 200 in 48ms
Canton balances API error: Canton API 413: {"code":"JSON_API_MAXIMUM_LIST_ELEMENTS_NUMBER_REACHED","cause":"The number of matching elements (201) is greater than the node limit (200).","correlationId":"a3e745444439efa0859c24e0ad0f2e27","traceId":"a3e745444439efa0859c24e0ad0f2e27","context":{},"resources":[],"errorCategory":2,"grpcCodeValue":10,"retryInfo":"1 second","definiteAnswer":false}
 GET /api/canton-balances 502 in 59ms
 GET /api/canton-balances?party=minted-user-33f97321%3A%3A12203f16a8f4b26778d5c8c6847dc055acf5db91e0c5b0846de29ba5ea272ab2a0e4 200 in 45ms
Canton balances API error: Canton API 413: {"code":"JSON_API_MAXIMUM_LIST_ELEMENTS_NUMBER_REACHED","cause":"The number of matching elements (201) is greater than the node limit (200).","correlationId":"7bd23918358fc1e2a948298bcdc8901a","traceId":"7bd23918358fc1e2a948298bcdc8901a","context":{},"resources":[],"errorCategory":2,"grpcCodeValue":10,"retryInfo":"1 second","definiteAnswer":false}
 GET /api/canton-balances 502 in 58ms
 GET / 200 in 227ms
 GET /api/canton-balances?party=minted-user-33f97321%3A%3A12203f16a8f4b26778d5c8c6847dc055acf5db91e0c5b0846de29ba5ea272ab2a0e4 200 in 42ms
Canton balances API error: Canton API 413: {"code":"JSON_API_MAXIMUM_LIST_ELEMENTS_NUMBER_REACHED","cause":"The number of matching elements (201) is greater than the node limit (200).","correlationId":"f60ddd65d6ff4f1098fc979dfb78d637","traceId":"f60ddd65d6ff4f1098fc979dfb78d637","context":{},"resources":[],"errorCategory":2,"grpcCodeValue":10,"retryInfo":"1 second","definiteAnswer":false}
 GET /api/canton-balances 502 in 77ms
 GET /api/canton-balances?party=minted-user-33f97321%3A%3A12203f16a8f4b26778d5c8c6847dc055acf5db91e0c5b0846de29ba5ea272ab2a0e4 200 in 46ms
Canton balances API error: Canton API 413: {"code":"JSON_API_MAXIMUM_LIST_ELEMENTS_NUMBER_REACHED","cause":"The number of matching elements (201) is greater than the node limit (200).","correlationId":"74228e0202c824eefa46a59d5524fa89","traceId":"74228e0202c824eefa46a59d5524fa89","context":{},"resources":[],"errorCategory":2,"grpcCodeValue":10,"retryInfo":"1 second","definiteAnswer":false}
 GET /api/canton-balances 502 in 59ms
 GET /api/canton-balances?party=minted-user-33f97321%3A%3A12203f16a8f4b26778d5c8c6847dc055acf5db91e0c5b0846de29ba5ea272ab2a0e4 200 in 60ms
Canton balances API error: Canton API 413: {"code":"JSON_API_MAXIMUM_LIST_ELEMENTS_NUMBER_REACHED","cause":"The number of matching elements (201) is greater than the node limit (200).","correlationId":"48ddfdb72f528bce5daa0a9bbab72d02","traceId":"48ddfdb72f528bce5daa0a9bbab72d02","context":{},"resources":[],"errorCategory":2,"grpcCodeValue":10,"retryInfo":"1 second","definiteAnswer":false}
 GET /api/canton-balances 502 in 71ms
 GET /api/canton-balances?party=minted-user-33f97321%3A%3A12203f16a8f4b26778d5c8c6847dc055acf5db91e0c5b0846de29ba5ea272ab2a0e4 200 in 50ms
Canton balances API error: Canton API 413: {"code":"JSON_API_MAXIMUM_LIST_ELEMENTS_NUMBER_REACHED","cause":"The number of matching elements (201) is greater than the node limit (200).","correlationId":"bb0c743738078fd290a0ddcc850e9085","traceId":"bb0c743738078fd290a0ddcc850e9085","context":{},"resources":[],"errorCategory":2,"grpcCodeValue":10,"retryInfo":"1 second","definiteAnswer":false}
 GET /api/canton-balances 502 in 62ms
 GET /api/canton-balances?party=minted-user-33f97321%3A%3A12203f16a8f4b26778d5c8c6847dc055acf5db91e0c5b0846de29ba5ea272ab2a0e4 200 in 61ms
Canton balances API error: Canton API 413: {"code":"JSON_API_MAXIMUM_LIST_ELEMENTS_NUMBER_REACHED","cause":"The number of matching elements (201) is greater than the node limit (200).","correlationId":"672463826aa9067000e8c669411aeb5d","traceId":"672463826aa9067000e8c669411aeb5d","context":{},"resources":[],"errorCategory":2,"grpcCodeValue":10,"retryInfo":"1 second","definiteAnswer":false}
 GET /api/canton-balances 502 in 78ms
 GET /api/canton-balances?party=minted-user-33f97321%3A%3A12203f16a8f4b26778d5c8c6847dc055acf5db91e0c5b0846de29ba5ea272ab2a0e4 200 in 78ms
Canton balances API error: Canton API 413: {"code":"JSON_API_MAXIMUM_LIST_ELEMENTS_NUMBER_REACHED","cause":"The number of matching elements (201) is greater than the node limit (200).","correlationId":"5f1cf1c6e85644f303a0943008d859f3","traceId":"5f1cf1c6e85644f303a0943008d859f3","context":{},"resources":[],"errorCategory":2,"grpcCodeValue":10,"retryInfo":"1 second","definiteAnswer":false}
 GET /api/canton-balances 502 in 116ms
 GET /api/canton-balances?party=minted-user-33f97321%3A%3A12203f16a8f4b26778d5c8c6847dc055acf5db91e0c5b0846de29ba5ea272ab2a0e4 200 in 59ms
Canton balances API error: Canton API 413: {"code":"JSON_API_MAXIMUM_LIST_ELEMENTS_NUMBER_REACHED","cause":"The number of matching elements (201) is greater than the node limit (200).","correlationId":"8dffe59363aaf016d801140af3393ed6","traceId":"8dffe59363aaf016d801140af3393ed6","context":{},"resources":[],"errorCategory":2,"grpcCodeValue":10,"retryInfo":"1 second","definiteAnswer":false}
 GET /api/canton-balances 502 in 73ms
 GET /api/canton-balances?party=minted-user-33f97321%3A%3A12203f16a8f4b26778d5c8c6847dc055acf5db91e0c5b0846de29ba5ea272ab2a0e4 200 in 155ms
Canton balances API error: Canton API 413: {"code":"JSON_API_MAXIMUM_LIST_ELEMENTS_NUMBER_REACHED","cause":"The number of matching elements (201) is greater than the node limit (200).","correlationId":"84913f7a26a6f0180031e98628e43496","traceId":"84913f7a26a6f0180031e98628e43496","context":{},"resources":[],"errorCategory":2,"grpcCodeValue":10,"retryInfo":"1 second","definiteAnswer":false}
 GET /api/canton-balances 502 in 177ms
 GET /api/canton-balances?party=minted-user-33f97321%3A%3A12203f16a8f4b26778d5c8c6847dc055acf5db91e0c5b0846de29ba5ea272ab2a0e4 200 in 121ms
Canton balances API error: Canton API 413: {"code":"JSON_API_MAXIMUM_LIST_ELEMENTS_NUMBER_REACHED","cause":"The number of matching elements (201) is greater than the node limit (200).","correlationId":"4ab812be27f4331fe272a35d0557759e","traceId":"4ab812be27f4331fe272a35d0557759e","context":{},"resources":[],"errorCategory":2,"grpcCodeValue":10,"retryInfo":"1 second","definiteAnswer":false}
 GET /api/canton-balances 502 in 186ms
 GET /api/canton-balances?party=minted-user-33f97321%3A%3A12203f16a8f4b26778d5c8c6847dc055acf5db91e0c5b0846de29ba5ea272ab2a0e4 200 in 140ms
Canton balances API error: Canton API 413: {"code":"JSON_API_MAXIMUM_LIST_ELEMENTS_NUMBER_REACHED","cause":"The number of matching elements (201) is greater than the node limit (200).","correlationId":"91763ac153c417715e17f92f0e20c863","traceId":"91763ac153c417715e17f92f0e20c863","context":{},"resources":[],"errorCategory":2,"grpcCodeValue":10,"retryInfo":"1 second","definiteAnswer":false}
 GET /api/canton-balances 502 in 328ms
 GET /api/canton-balances?party=minted-user-33f97321%3A%3A12203f16a8f4b26778d5c8c6847dc055acf5db91e0c5b0846de29ba5ea272ab2a0e4 200 in 121ms
Canton balances API error: Canton API 413: {"code":"JSON_API_MAXIMUM_LIST_ELEMENTS_NUMBER_REACHED","cause":"The number of matching elements (201) is greater than the node limit (200).","correlationId":"6650c97651c9423b733fa77101dc77ea","traceId":"6650c97651c9423b733fa77101dc77ea","context":{},"resources":[],"errorCategory":2,"grpcCodeValue":10,"retryInfo":"1 second","definiteAnswer":false}
 GET /api/canton-balances 502 in 133ms
 GET /api/canton-balances?party=minted-user-33f97321%3A%3A12203f16a8f4b26778d5c8c6847dc055acf5db91e0c5b0846de29ba5ea272ab2a0e4 200 in 123ms
Canton balances API error: Canton API 413: {"code":"JSON_API_MAXIMUM_LIST_ELEMENTS_NUMBER_REACHED","cause":"The number of matching elements (201) is greater than the node limit (200).","correlationId":"a2c3563ca969ed650cae6286e3d643fa","traceId":"a2c3563ca969ed650cae6286e3d643fa","context":{},"resources":[],"errorCategory":2,"grpcCodeValue":10,"retryInfo":"1 second","definiteAnswer":false}
 GET /api/canton-balances 502 in 206ms
Canton balances API error: Canton API 413: {"code":"JSON_API_MAXIMUM_LIST_ELEMENTS_NUMBER_REACHED","cause":"The number of matching elements (201) is greater than the node limit (200).","correlationId":"cb0cb53d120cea0c228854c966238599","traceId":"cb0cb53d120cea0c228854c966238599","context":{},"resources":[],"errorCategory":2,"grpcCodeValue":10,"retryInfo":"1 second","definiteAnswer":false}
 GET /api/canton-balances 502 in 568ms
 GET /api/canton-balances?party=minted-user-33f97321%3A%3A12203f16a8f4b26778d5c8c6847dc055acf5db91e0c5b0846de29ba5ea272ab2a0e4 200 in 582ms
 GET /api/canton-balances?party=minted-user-33f97321%3A%3A12203f16a8f4b26778d5c8c6847dc055acf5db91e0c5b0846de29ba5ea272ab2a0e4 200 in 55ms
Canton balances API error: Canton API 413: {"code":"JSON_API_MAXIMUM_LIST_ELEMENTS_NUMBER_REACHED","cause":"The number of matching elements (201) is greater than the node limit (200).","correlationId":"2c95e18475119462dcf6a1b136966382","traceId":"2c95e18475119462dcf6a1b136966382","context":{},"resources":[],"errorCategory":2,"grpcCodeValue":10,"retryInfo":"1 second","definiteAnswer":false}
 GET /api/canton-balances 502 in 219ms
 GET /api/canton-balances?party=minted-user-33f97321%3A%3A12203f16a8f4b26778d5c8c6847dc055acf5db91e0c5b0846de29ba5ea272ab2a0e4 200 in 187ms
Canton balances API error: Canton API 413: {"code":"JSON_API_MAXIMUM_LIST_ELEMENTS_NUMBER_REACHED","cause":"The number of matching elements (201) is greater than the node limit (200).","correlationId":"fc088d1656da5f651842cee0b4a3713c","traceId":"fc088d1656da5f651842cee0b4a3713c","context":{},"resources":[],"errorCategory":2,"grpcCodeValue":10,"retryInfo":"1 second","definiteAnswer":false}
 GET /api/canton-balances 502 in 77ms
 GET /api/canton-balances?party=minted-user-33f97321%3A%3A12203f16a8f4b26778d5c8c6847dc055acf5db91e0c5b0846de29ba5ea272ab2a0e4 200 in 59ms
Canton balances API error: Canton API 413: {"code":"JSON_API_MAXIMUM_LIST_ELEMENTS_NUMBER_REACHED","cause":"The number of matching elements (201) is greater than the node limit (200).","correlationId":"40f1312c23255811018855799f6dd921","traceId":"40f1312c23255811018855799f6dd921","context":{},"resources":[],"errorCategory":2,"grpcCodeValue":10,"retryInfo":"1 second","definiteAnswer":false}
 GET /api/canton-balances 502 in 72ms
 GET /api/canton-balances?party=minted-user-33f97321%3A%3A12203f16a8f4b26778d5c8c6847dc055acf5db91e0c5b0846de29ba5ea272ab2a0e4 200 in 42ms
Canton balances API error: Canton API 413: {"code":"JSON_API_MAXIMUM_LIST_ELEMENTS_NUMBER_REACHED","cause":"The number of matching elements (201) is greater than the node limit (200).","correlationId":"fb997154c2f959472b28988eccdc3e9f","traceId":"fb997154c2f959472b28988eccdc3e9f","context":{},"resources":[],"errorCategory":2,"grpcCodeValue":10,"retryInfo":"1 second","definiteAnswer":false}
 GET /api/canton-balances 502 in 61ms
 GET /api/canton-balances?party=minted-user-33f97321%3A%3A12203f16a8f4b26778d5c8c6847dc055acf5db91e0c5b0846de29ba5ea272ab2a0e4 200 in 58ms
Canton balances API error: Canton API 413: {"code":"JSON_API_MAXIMUM_LIST_ELEMENTS_NUMBER_REACHED","cause":"The number of matching elements (201) is greater than the node limit (200).","correlationId":"a08d3e2ec64d03ff420af0e2136f8ef7","traceId":"a08d3e2ec64d03ff420af0e2136f8ef7","context":{},"resources":[],"errorCategory":2,"grpcCodeValue":10,"retryInfo":"1 second","definiteAnswer":false}
 GET /api/canton-balances 502 in 94ms
 GET /api/canton-balances?party=minted-user-33f97321%3A%3A12203f16a8f4b26778d5c8c6847dc055acf5db91e0c5b0846de29ba5ea272ab2a0e4 200 in 40ms
Canton balances API error: Canton API 413: {"code":"JSON_API_MAXIMUM_LIST_ELEMENTS_NUMBER_REACHED","cause":"The number of matching elements (201) is greater than the node limit (200).","correlationId":"6a3e9b2edc91396b69d2b200476a96cb","traceId":"6a3e9b2edc91396b69d2b200476a96cb","context":{},"resources":[],"errorCategory":2,"grpcCodeValue":10,"retryInfo":"1 second","definiteAnswer":false}
 GET /api/canton-balances 502 in 48ms
 GET /api/canton-balances?party=minted-user-33f97321%3A%3A12203f16a8f4b26778d5c8c6847dc055acf5db91e0c5b0846de29ba5ea272ab2a0e4 200 in 50ms
Canton balances API error: Canton API 413: {"code":"JSON_API_MAXIMUM_LIST_ELEMENTS_NUMBER_REACHED","cause":"The number of matching elements (201) is greater than the node limit (200).","correlationId":"e072639689047a106ace5607cce03902","traceId":"e072639689047a106ace5607cce03902","context":{},"resources":[],"errorCategory":2,"grpcCodeValue":10,"retryInfo":"1 second","definiteAnswer":false}
 GET /api/canton-balances 502 in 55ms
 GET /api/canton-balances?party=minted-user-33f97321%3A%3A12203f16a8f4b26778d5c8c6847dc055acf5db91e0c5b0846de29ba5ea272ab2a0e4 200 in 32ms
Canton balances API error: Canton API 413: {"code":"JSON_API_MAXIMUM_LIST_ELEMENTS_NUMBER_REACHED","cause":"The number of matching elements (201) is greater than the node limit (200).","correlationId":"39c2209a7cf5f90a1b9996bf67daa155","traceId":"39c2209a7cf5f90a1b9996bf67daa155","context":{},"resources":[],"errorCategory":2,"grpcCodeValue":10,"retryInfo":"1 second","definiteAnswer":false}
 GET /api/canton-balances 502 in 39ms
 GET /api/canton-balances?party=minted-user-33f97321%3A%3A12203f16a8f4b26778d5c8c6847dc055acf5db91e0c5b0846de29ba5ea272ab2a0e4 200 in 35ms
 GET /api/canton-balances?party=minted-user-33f97321%3A%3A12203f16a8f4b26778d5c8c6847dc055acf5db91e0c5b0846de29ba5ea272ab2a0e4 200 in 26ms
Canton balances API error: Canton API 413: {"code":"JSON_API_MAXIMUM_LIST_ELEMENTS_NUMBER_REACHED","cause":"The number of matching elements (201) is greater than the node limit (200).","correlationId":"6678f3a2e33b1bac602063a2916acf28","traceId":"6678f3a2e33b1bac602063a2916acf28","context":{},"resources":[],"errorCategory":2,"grpcCodeValue":10,"retryInfo":"1 second","definiteAnswer":false}
 GET /api/canton-balances 502 in 67ms
Canton balances API error: Canton API 413: {"code":"JSON_API_MAXIMUM_LIST_ELEMENTS_NUMBER_REACHED","cause":"The number of matching elements (201) is greater than the node limit (200).","correlationId":"a0a59e3c39ea29c3749a5a57f0bc2cf5","traceId":"a0a59e3c39ea29c3749a5a57f0bc2cf5","context":{},"resources":[],"errorCategory":2,"grpcCodeValue":10,"retryInfo":"1 second","definiteAnswer":false}
 GET /api/canton-balances 502 in 30ms
 GET /api/canton-balances?party=minted-user-33f97321%3A%3A12203f16a8f4b26778d5c8c6847dc055acf5db91e0c5b0846de29ba5ea272ab2a0e4 200 in 56ms
Canton balances API error: Canton API 413: {"code":"JSON_API_MAXIMUM_LIST_ELEMENTS_NUMBER_REACHED","cause":"The number of matching elements (201) is greater than the node limit (200).","correlationId":"29444cd2f1d6cb5681ac290decefdbce","traceId":"29444cd2f1d6cb5681ac290decefdbce","context":{},"resources":[],"errorCategory":2,"grpcCodeValue":10,"retryInfo":"1 second","definiteAnswer":false}
 GET /api/canton-balances 502 in 91ms
 GET /api/canton-balances?party=minted-user-33f97321%3A%3A12203f16a8f4b26778d5c8c6847dc055acf5db91e0c5b0846de29ba5ea272ab2a0e4 200 in 47ms
Canton balances API error: Canton API 413: {"code":"JSON_API_MAXIMUM_LIST_ELEMENTS_NUMBER_REACHED","cause":"The number of matching elements (201) is greater than the node limit (200).","correlationId":"66b29889790f2968b0c10455b5011e3b","traceId":"66b29889790f2968b0c10455b5011e3b","context":{},"resources":[],"errorCategory":2,"grpcCodeValue":10,"retryInfo":"1 second","definiteAnswer":false}
 GET /api/canton-balances 502 in 33ms
 GET /api/canton-balances?party=minted-user-33f97321%3A%3A12203f16a8f4b26778d5c8c6847dc055acf5db91e0c5b0846de29ba5ea272ab2a0e4 200 in 64ms
Canton balances API error: Canton API 413: {"code":"JSON_API_MAXIMUM_LIST_ELEMENTS_NUMBER_REACHED","cause":"The number of matching elements (201) is greater than the node limit (200).","correlationId":"55e0e6569e1749be1fab257d41cbd7ab","traceId":"55e0e6569e1749be1fab257d41cbd7ab","context":{},"resources":[],"errorCategory":2,"grpcCodeValue":10,"retryInfo":"1 second","definiteAnswer":false}
 GET /api/canton-balances 502 in 75ms
 GET /api/canton-balances?party=minted-user-33f97321%3A%3A12203f16a8f4b26778d5c8c6847dc055acf5db91e0c5b0846de29ba5ea272ab2a0e4 200 in 37ms
Canton balances API error: Canton API 413: {"code":"JSON_API_MAXIMUM_LIST_ELEMENTS_NUMBER_REACHED","cause":"The number of matching elements (201) is greater than the node limit (200).","correlationId":"ade79bbe858ddc281a2dbe1347afbc01","traceId":"ade79bbe858ddc281a2dbe1347afbc01","context":{},"resources":[],"errorCategory":2,"grpcCodeValue":10,"retryInfo":"1 second","definiteAnswer":false}
 GET /api/canton-balances 502 in 61ms
 GET /api/canton-balances?party=minted-user-33f97321%3A%3A12203f16a8f4b26778d5c8c6847dc055acf5db91e0c5b0846de29ba5ea272ab2a0e4 200 in 66ms
Canton balances API error: Canton API 413: {"code":"JSON_API_MAXIMUM_LIST_ELEMENTS_NUMBER_REACHED","cause":"The number of matching elements (201) is greater than the node limit (200).","correlationId":"8825bd8ce4a50334654fa304a02a293e","traceId":"8825bd8ce4a50334654fa304a02a293e","context":{},"resources":[],"errorCategory":2,"grpcCodeValue":10,"retryInfo":"1 second","definiteAnswer":false}
 GET /api/canton-balances 502 in 85ms
 GET /api/canton-balances?party=minted-user-33f97321%3A%3A12203f16a8f4b26778d5c8c6847dc055acf5db91e0c5b0846de29ba5ea272ab2a0e4 200 in 41ms
Canton balances API error: Canton API 413: {"code":"JSON_API_MAXIMUM_LIST_ELEMENTS_NUMBER_REACHED","cause":"The number of matching elements (201) is greater than the node limit (200).","correlationId":"10f3b170a0c0f8cec63a902572bace49","traceId":"10f3b170a0c0f8cec63a902572bace49","context":{},"resources":[],"errorCategory":2,"grpcCodeValue":10,"retryInfo":"1 second","definiteAnswer":false}
 GET /api/canton-balances 502 in 43ms
 GET /api/canton-balances?party=minted-user-33f97321%3A%3A12203f16a8f4b26778d5c8c6847dc055acf5db91e0c5b0846de29ba5ea272ab2a0e4 200 in 67ms
Canton balances API error: Canton API 413: {"code":"JSON_API_MAXIMUM_LIST_ELEMENTS_NUMBER_REACHED","cause":"The number of matching elements (201) is greater than the node limit (200).","correlationId":"ff99cee497721cf133be514b109f37e8","traceId":"ff99cee497721cf133be514b109f37e8","context":{},"resources":[],"errorCategory":2,"grpcCodeValue":10,"retryInfo":"1 second","definiteAnswer":false}
 GET /api/canton-balances 502 in 68ms
 GET /api/canton-balances?party=minted-user-33f97321%3A%3A12203f16a8f4b26778d5c8c6847dc055acf5db91e0c5b0846de29ba5ea272ab2a0e4 200 in 93ms
Canton balances API error: Canton API 413: {"code":"JSON_API_MAXIMUM_LIST_ELEMENTS_NUMBER_REACHED","cause":"The number of matching elements (201) is greater than the node limit (200).","correlationId":"56faff68198556ac12c92a2db8ebdb20","traceId":"56faff68198556ac12c92a2db8ebdb20","context":{},"resources":[],"errorCategory":2,"grpcCodeValue":10,"retryInfo":"1 second","definiteAnswer":false}
 GET /api/canton-balances 502 in 106ms
 GET /api/canton-balances?party=minted-user-33f97321%3A%3A12203f16a8f4b26778d5c8c6847dc055acf5db91e0c5b0846de29ba5ea272ab2a0e4 200 in 49ms
Canton balances API error: Canton API 413: {"code":"JSON_API_MAXIMUM_LIST_ELEMENTS_NUMBER_REACHED","cause":"The number of matching elements (201) is greater than the node limit (200).","correlationId":"5418baa12691a319fd7b928789310c08","traceId":"5418baa12691a319fd7b928789310c08","context":{},"resources":[],"errorCategory":2,"grpcCodeValue":10,"retryInfo":"1 second","definiteAnswer":false}
 GET /api/canton-balances 502 in 66ms
 GET /api/canton-balances?party=minted-user-33f97321%3A%3A12203f16a8f4b26778d5c8c6847dc055acf5db91e0c5b0846de29ba5ea272ab2a0e4 200 in 53ms
Canton balances API error: Canton API 413: {"code":"JSON_API_MAXIMUM_LIST_ELEMENTS_NUMBER_REACHED","cause":"The number of matching elements (201) is greater than the node limit (200).","correlationId":"6e4a80c040433ce248c4184aac22e8c7","traceId":"6e4a80c040433ce248c4184aac22e8c7","context":{},"resources":[],"errorCategory":2,"grpcCodeValue":10,"retryInfo":"1 second","definiteAnswer":false}
 GET /api/canton-balances 502 in 82ms
 GET /api/canton-balances?party=minted-user-33f97321%3A%3A12203f16a8f4b26778d5c8c6847dc055acf5db91e0c5b0846de29ba5ea272ab2a0e4 200 in 41ms
Canton balances API error: Canton API 413: {"code":"JSON_API_MAXIMUM_LIST_ELEMENTS_NUMBER_REACHED","cause":"The number of matching elements (201) is greater than the node limit (200).","correlationId":"b0f291c52e05c1551561957068cf73fe","traceId":"b0f291c52e05c1551561957068cf73fe","context":{},"resources":[],"errorCategory":2,"grpcCodeValue":10,"retryInfo":"1 second","definiteAnswer":false}
 GET /api/canton-balances 502 in 44ms
 GET /api/canton-balances?party=minted-user-33f97321%3A%3A12203f16a8f4b26778d5c8c6847dc055acf5db91e0c5b0846de29ba5ea272ab2a0e4 200 in 32ms
Canton balances API error: Canton API 413: {"code":"JSON_API_MAXIMUM_LIST_ELEMENTS_NUMBER_REACHED","cause":"The number of matching elements (201) is greater than the node limit (200).","correlationId":"419e610ffc765f1c3ec56758fd74bd90","traceId":"419e610ffc765f1c3ec56758fd74bd90","context":{},"resources":[],"errorCategory":2,"grpcCodeValue":10,"retryInfo":"1 second","definiteAnswer":false}
 GET /api/canton-balances 502 in 48ms
 GET /api/canton-balances?party=minted-user-33f97321%3A%3A12203f16a8f4b26778d5c8c6847dc055acf5db91e0c5b0846de29ba5ea272ab2a0e4 200 in 74ms
Canton balances API error: Canton API 413: {"code":"JSON_API_MAXIMUM_LIST_ELEMENTS_NUMBER_REACHED","cause":"The number of matching elements (201) is greater than the node limit (200).","correlationId":"ee7d66646003c488d977dfe866a2712f","traceId":"ee7d66646003c488d977dfe866a2712f","context":{},"resources":[],"errorCategory":2,"grpcCodeValue":10,"retryInfo":"1 second","definiteAnswer":false}
 GET /api/canton-balances 502 in 88ms
 GET /api/canton-balances?party=minted-user-33f97321%3A%3A12203f16a8f4b26778d5c8c6847dc055acf5db91e0c5b0846de29ba5ea272ab2a0e4 200 in 100ms
Canton balances API error: Canton API 413: {"code":"JSON_API_MAXIMUM_LIST_ELEMENTS_NUMBER_REACHED","cause":"The number of matching elements (201) is greater than the node limit (200).","correlationId":"3630d11d348c0580d40a855fa0da9cdc","traceId":"3630d11d348c0580d40a855fa0da9cdc","context":{},"resources":[],"errorCategory":2,"grpcCodeValue":10,"retryInfo":"1 second","definiteAnswer":false}
 GET /api/canton-balances 502 in 139ms
 GET /api/canton-balances?party=minted-user-33f97321%3A%3A12203f16a8f4b26778d5c8c6847dc055acf5db91e0c5b0846de29ba5ea272ab2a0e4 200 in 58ms
 GET /api/canton-balances?party=minted-user-33f97321%3A%3A12203f16a8f4b26778d5c8c6847dc055acf5db91e0c5b0846de29ba5ea272ab2a0e4 200 in 33ms
 GET /api/canton-balances?party=minted-user-33f97321%3A%3A12203f16a8f4b26778d5c8c6847dc055acf5db91e0c5b0846de29ba5ea272ab2a0e4 200 in 106ms
Canton balances API error: Canton API 413: {"code":"JSON_API_MAXIMUM_LIST_ELEMENTS_NUMBER_REACHED","cause":"The number of matching elements (201) is greater than the node limit (200).","correlationId":"08fcaeacb77e13f7e9ec3d6f1f4c3909","traceId":"08fcaeacb77e13f7e9ec3d6f1f4c3909","context":{},"resources":[],"errorCategory":2,"grpcCodeValue":10,"retryInfo":"1 second","definiteAnswer":false}
 GET /api/canton-balances 502 in 119ms
 GET /api/canton-balances?party=minted-user-33f97321%3A%3A12203f16a8f4b26778d5c8c6847dc055acf5db91e0c5b0846de29ba5ea272ab2a0e4 200 in 108ms
Canton balances API error: Canton API 413: {"code":"JSON_API_MAXIMUM_LIST_ELEMENTS_NUMBER_REACHED","cause":"The number of matching elements (201) is greater than the node limit (200).","correlationId":"1e45d568dfde428d8ff51f350f2fde94","traceId":"1e45d568dfde428d8ff51f350f2fde94","context":{},"resources":[],"errorCategory":2,"grpcCodeValue":10,"retryInfo":"1 second","definiteAnswer":false}
 GET /api/canton-balances 502 in 109ms
 GET /api/canton-balances?party=minted-user-33f97321%3A%3A12203f16a8f4b26778d5c8c6847dc055acf5db91e0c5b0846de29ba5ea272ab2a0e4 200 in 268ms
Canton balances API error: Canton API 413: {"code":"JSON_API_MAXIMUM_LIST_ELEMENTS_NUMBER_REACHED","cause":"The number of matching elements (201) is greater than the node limit (200).","correlationId":"f7cb4b788d431d61b8ecb5f689b6d73b","traceId":"f7cb4b788d431d61b8ecb5f689b6d73b","context":{},"resources":[],"errorCategory":2,"grpcCodeValue":10,"retryInfo":"1 second","definiteAnswer":false}
 GET /api/canton-balances 502 in 336ms
 GET /api/canton-balances?party=minted-user-33f97321%3A%3A12203f16a8f4b26778d5c8c6847dc055acf5db91e0c5b0846de29ba5ea272ab2a0e4 200 in 471ms
Canton balances API error: Canton API 413: {"code":"JSON_API_MAXIMUM_LIST_ELEMENTS_NUMBER_REACHED","cause":"The number of matching elements (201) is greater than the node limit (200).","correlationId":"f48e9c378189a9976ae3478fc69c9410","traceId":"f48e9c378189a9976ae3478fc69c9410","context":{},"resources":[],"errorCategory":2,"grpcCodeValue":10,"retryInfo":"1 second","definiteAnswer":false}
 GET /api/canton-balances 502 in 553ms
 GET /api/canton-balances?party=minted-user-33f97321%3A%3A12203f16a8f4b26778d5c8c6847dc055acf5db91e0c5b0846de29ba5ea272ab2a0e4 200 in 720ms
Canton balances API error: Canton API 413: {"code":"JSON_API_MAXIMUM_LIST_ELEMENTS_NUMBER_REACHED","cause":"The number of matching elements (201) is greater than the node limit (200).","correlationId":"5f985bec83a4692426a1f293d42b6eba","traceId":"5f985bec83a4692426a1f293d42b6eba","context":{},"resources":[],"errorCategory":2,"grpcCodeValue":10,"retryInfo":"1 second","definiteAnswer":false}
 GET /api/canton-balances 502 in 763ms
 GET /api/canton-balances?party=minted-user-33f97321%3A%3A12203f16a8f4b26778d5c8c6847dc055acf5db91e0c5b0846de29ba5ea272ab2a0e4 200 in 826ms
Canton balances API error: Canton API 413: {"code":"JSON_API_MAXIMUM_LIST_ELEMENTS_NUMBER_REACHED","cause":"The number of matching elements (201) is greater than the node limit (200).","correlationId":"49b0d7964a7db7ab72870fc3d177f702","traceId":"49b0d7964a7db7ab72870fc3d177f702","context":{},"resources":[],"errorCategory":2,"grpcCodeValue":10,"retryInfo":"1 second","definiteAnswer":false}
 GET /api/canton-balances 502 in 910ms
 GET /api/canton-balances?party=minted-user-33f97321%3A%3A12203f16a8f4b26778d5c8c6847dc055acf5db91e0c5b0846de29ba5ea272ab2a0e4 200 in 1009ms
Canton balances API error: Canton API 413: {"code":"JSON_API_MAXIMUM_LIST_ELEMENTS_NUMBER_REACHED","cause":"The number of matching elements (201) is greater than the node limit (200).","correlationId":"3f56158844a7e1ce92223e02b34a770d","traceId":"3f56158844a7e1ce92223e02b34a770d","context":{},"resources":[],"errorCategory":2,"grpcCodeValue":10,"retryInfo":"1 second","definiteAnswer":false}
 GET /api/canton-balances 502 in 1175ms
 GET /api/canton-balances?party=minted-user-33f97321%3A%3A12203f16a8f4b26778d5c8c6847dc055acf5db91e0c5b0846de29ba5ea272ab2a0e4 200 in 210ms
Canton balances API error: Canton API 413: {"code":"JSON_API_MAXIMUM_LIST_ELEMENTS_NUMBER_REACHED","cause":"The number of matching elements (201) is greater than the node limit (200).","correlationId":"19b791b63fbd31cf88a23753214f4f80","traceId":"19b791b63fbd31cf88a23753214f4f80","context":{},"resources":[],"errorCategory":2,"grpcCodeValue":10,"retryInfo":"1 second","definiteAnswer":false}
 GET /api/canton-balances 502 in 223ms
 GET /api/canton-balances?party=minted-user-33f97321%3A%3A12203f16a8f4b26778d5c8c6847dc055acf5db91e0c5b0846de29ba5ea272ab2a0e4 200 in 353ms
Canton balances API error: Canton API 413: {"code":"JSON_API_MAXIMUM_LIST_ELEMENTS_NUMBER_REACHED","cause":"The number of matching elements (201) is greater than the node limit (200).","correlationId":"3e456917fd9dfd66640d4162feafcf83","traceId":"3e456917fd9dfd66640d4162feafcf83","context":{},"resources":[],"errorCategory":2,"grpcCodeValue":10,"retryInfo":"1 second","definiteAnswer":false}
 GET /api/canton-balances 502 in 608ms
 GET /api/canton-balances?party=minted-user-33f97321%3A%3A12203f16a8f4b26778d5c8c6847dc055acf5db91e0c5b0846de29ba5ea272ab2a0e4 200 in 849ms
Canton balances API error: Canton API 413: {"code":"JSON_API_MAXIMUM_LIST_ELEMENTS_NUMBER_REACHED","cause":"The number of matching elements (201) is greater than the node limit (200).","correlationId":"b4841edbe611d90c955ecd119184442c","traceId":"b4841edbe611d90c955ecd119184442c","context":{},"resources":[],"errorCategory":2,"grpcCodeValue":10,"retryInfo":"1 second","definiteAnswer":false}
 GET /api/canton-balances 502 in 931ms
 GET /api/canton-balances?party=minted-user-33f97321%3A%3A12203f16a8f4b26778d5c8c6847dc055acf5db91e0c5b0846de29ba5ea272ab2a0e4 200 in 106ms
Canton balances API error: Canton API 413: {"code":"JSON_API_MAXIMUM_LIST_ELEMENTS_NUMBER_REACHED","cause":"The number of matching elements (201) is greater than the node limit (200).","correlationId":"ce67266fd7a7e0962e2c2d45bf783fc7","traceId":"ce67266fd7a7e0962e2c2d45bf783fc7","context":{},"resources":[],"errorCategory":2,"grpcCodeValue":10,"retryInfo":"1 second","definiteAnswer":false}
 GET /api/canton-balances 502 in 127ms
 GET /api/canton-balances?party=minted-user-33f97321%3A%3A12203f16a8f4b26778d5c8c6847dc055acf5db91e0c5b0846de29ba5ea272ab2a0e4 200 in 79ms
Canton balances API error: Canton API 413: {"code":"JSON_API_MAXIMUM_LIST_ELEMENTS_NUMBER_REACHED","cause":"The number of matching elements (201) is greater than the node limit (200).","correlationId":"da1194c758b6dbd03be97e9cbe951e22","traceId":"da1194c758b6dbd03be97e9cbe951e22","context":{},"resources":[],"errorCategory":2,"grpcCodeValue":10,"retryInfo":"1 second","definiteAnswer":false}
 GET /api/canton-balances 502 in 112ms
 GET /api/canton-balances?party=minted-user-33f97321%3A%3A12203f16a8f4b26778d5c8c6847dc055acf5db91e0c5b0846de29ba5ea272ab2a0e4 200 in 105ms
Canton balances API error: Canton API 413: {"code":"JSON_API_MAXIMUM_LIST_ELEMENTS_NUMBER_REACHED","cause":"The number of matching elements (201) is greater than the node limit (200).","correlationId":"73fc2d8493a6c5fa87536bbc6e960672","traceId":"73fc2d8493a6c5fa87536bbc6e960672","context":{},"resources":[],"errorCategory":2,"grpcCodeValue":10,"retryInfo":"1 second","definiteAnswer":false}
 GET /api/canton-balances 502 in 199ms
 GET /api/canton-balances?party=minted-user-33f97321%3A%3A12203f16a8f4b26778d5c8c6847dc055acf5db91e0c5b0846de29ba5ea272ab2a0e4 200 in 285ms
Canton balances API error: Canton API 413: {"code":"JSON_API_MAXIMUM_LIST_ELEMENTS_NUMBER_REACHED","cause":"The number of matching elements (201) is greater than the node limit (200).","correlationId":"62f183cbc192b1e368f96c4955a0f7c6","traceId":"62f183cbc192b1e368f96c4955a0f7c6","context":{},"resources":[],"errorCategory":2,"grpcCodeValue":10,"retryInfo":"1 second","definiteAnswer":false}
 GET /api/canton-balances 502 in 296ms
 GET /api/canton-balances?party=minted-user-33f97321%3A%3A12203f16a8f4b26778d5c8c6847dc055acf5db91e0c5b0846de29ba5ea272ab2a0e4 200 in 50ms
Canton balances API error: Canton API 413: {"code":"JSON_API_MAXIMUM_LIST_ELEMENTS_NUMBER_REACHED","cause":"The number of matching elements (201) is greater than the node limit (200).","correlationId":"7bdea66908265b50ad9786e3f638ed45","traceId":"7bdea66908265b50ad9786e3f638ed45","context":{},"resources":[],"errorCategory":2,"grpcCodeValue":10,"retryInfo":"1 second","definiteAnswer":false}
 GET /api/canton-balances 502 in 65ms
 GET /api/canton-balances?party=minted-user-33f97321%3A%3A12203f16a8f4b26778d5c8c6847dc055acf5db91e0c5b0846de29ba5ea272ab2a0e4 200 in 91ms
Canton balances API error: Canton API 413: {"code":"JSON_API_MAXIMUM_LIST_ELEMENTS_NUMBER_REACHED","cause":"The number of matching elements (201) is greater than the node limit (200).","correlationId":"1403a1df9ec54fa35af347253471dd72","traceId":"1403a1df9ec54fa35af347253471dd72","context":{},"resources":[],"errorCategory":2,"grpcCodeValue":10,"retryInfo":"1 second","definiteAnswer":false}
 GET /api/canton-balances 502 in 115ms
 GET /?page=bridge 200 in 236ms
 GET /api/canton-balances?party=minted-user-33f97321%3A%3A12203f16a8f4b26778d5c8c6847dc055acf5db91e0c5b0846de29ba5ea272ab2a0e4 200 in 391ms
Canton balances API error: Canton API 413: {"code":"JSON_API_MAXIMUM_LIST_ELEMENTS_NUMBER_REACHED","cause":"The number of matching elements (201) is greater than the node limit (200).","correlationId":"89b2697a48f895a5aaa88ed1d7a3eda2","traceId":"89b2697a48f895a5aaa88ed1d7a3eda2","context":{},"resources":[],"errorCategory":2,"grpcCodeValue":10,"retryInfo":"1 second","definiteAnswer":false}
 GET /api/canton-balances 502 in 453ms
 GET /api/canton-balances?party=minted-user-33f97321%3A%3A12203f16a8f4b26778d5c8c6847dc055acf5db91e0c5b0846de29ba5ea272ab2a0e4 200 in 177ms
Canton balances API error: Canton API 413: {"code":"JSON_API_MAXIMUM_LIST_ELEMENTS_NUMBER_REACHED","cause":"The number of matching elements (201) is greater than the node limit (200).","correlationId":"2d4cf14cef2b8981aed675cebbba21f1","traceId":"2d4cf14cef2b8981aed675cebbba21f1","context":{},"resources":[],"errorCategory":2,"grpcCodeValue":10,"retryInfo":"1 second","definiteAnswer":false}
 GET /api/canton-balances 502 in 415ms
 GET /api/canton-balances?party=minted-user-33f97321%3A%3A12203f16a8f4b26778d5c8c6847dc055acf5db91e0c5b0846de29ba5ea272ab2a0e4 200 in 109ms
Canton balances API error: Canton API 413: {"code":"JSON_API_MAXIMUM_LIST_ELEMENTS_NUMBER_REACHED","cause":"The number of matching elements (201) is greater than the node limit (200).","correlationId":"319e042757a220290822481de01bb87c","traceId":"319e042757a220290822481de01bb87c","context":{},"resources":[],"errorCategory":2,"grpcCodeValue":10,"retryInfo":"1 second","definiteAnswer":false}
 GET /api/canton-balances 502 in 167ms
 GET /api/canton-balances?party=minted-user-33f97321%3A%3A12203f16a8f4b26778d5c8c6847dc055acf5db91e0c5b0846de29ba5ea272ab2a0e4 200 in 135ms
Canton balances API error: Canton API 413: {"code":"JSON_API_MAXIMUM_LIST_ELEMENTS_NUMBER_REACHED","cause":"The number of matching elements (201) is greater than the node limit (200).","correlationId":"f76ac0dacd4071d7d25965be1b52ba8e","traceId":"f76ac0dacd4071d7d25965be1b52ba8e","context":{},"resources":[],"errorCategory":2,"grpcCodeValue":10,"retryInfo":"1 second","definiteAnswer":false}
 GET /api/canton-balances 502 in 174ms
 GET /api/canton-balances?party=minted-user-33f97321%3A%3A12203f16a8f4b26778d5c8c6847dc055acf5db91e0c5b0846de29ba5ea272ab2a0e4 200 in 1009ms
Canton balances API error: Canton API 413: {"code":"JSON_API_MAXIMUM_LIST_ELEMENTS_NUMBER_REACHED","cause":"The number of matching elements (201) is greater than the node limit (200).","correlationId":"43a51a14942ade36d5f60f1739a247ef","traceId":"43a51a14942ade36d5f60f1739a247ef","context":{},"resources":[],"errorCategory":2,"grpcCodeValue":10,"retryInfo":"1 second","definiteAnswer":false}
 GET /api/canton-balances 502 in 1193ms
 GET /api/canton-balances?party=minted-user-33f97321%3A%3A12203f16a8f4b26778d5c8c6847dc055acf5db91e0c5b0846de29ba5ea272ab2a0e4 200 in 70ms
Canton balances API error: Canton API 413: {"code":"JSON_API_MAXIMUM_LIST_ELEMENTS_NUMBER_REACHED","cause":"The number of matching elements (201) is greater than the node limit (200).","correlationId":"9bf6c91a376ad971028bdc050afef78f","traceId":"9bf6c91a376ad971028bdc050afef78f","context":{},"resources":[],"errorCategory":2,"grpcCodeValue":10,"retryInfo":"1 second","definiteAnswer":false}
 GET /api/canton-balances 502 in 114ms
 GET /api/canton-balances?party=minted-user-33f97321%3A%3A12203f16a8f4b26778d5c8c6847dc055acf5db91e0c5b0846de29ba5ea272ab2a0e4 200 in 74ms
Canton balances API error: Canton API 413: {"code":"JSON_API_MAXIMUM_LIST_ELEMENTS_NUMBER_REACHED","cause":"The number of matching elements (201) is greater than the node limit (200).","correlationId":"2dd99086b1084cbaded33720afd9a707","traceId":"2dd99086b1084cbaded33720afd9a707","context":{},"resources":[],"errorCategory":2,"grpcCodeValue":10,"retryInfo":"1 second","definiteAnswer":false}
 GET /api/canton-balances 502 in 94ms
 GET /api/canton-balances?party=minted-user-33f97321%3A%3A12203f16a8f4b26778d5c8c6847dc055acf5db91e0c5b0846de29ba5ea272ab2a0e4 200 in 114ms
Canton balances API error: Canton API 413: {"code":"JSON_API_MAXIMUM_LIST_ELEMENTS_NUMBER_REACHED","cause":"The number of matching elements (201) is greater than the node limit (200).","correlationId":"3deea8a6d80b227c6a3f70df6a468ed2","traceId":"3deea8a6d80b227c6a3f70df6a468ed2","context":{},"resources":[],"errorCategory":2,"grpcCodeValue":10,"retryInfo":"1 second","definiteAnswer":false}
 GET /api/canton-balances 502 in 183ms
 GET /api/canton-balances?party=minted-user-33f97321%3A%3A12203f16a8f4b26778d5c8c6847dc055acf5db91e0c5b0846de29ba5ea272ab2a0e4 200 in 256ms
Canton balances API error: Canton API 413: {"code":"JSON_API_MAXIMUM_LIST_ELEMENTS_NUMBER_REACHED","cause":"The number of matching elements (201) is greater than the node limit (200).","correlationId":"165ae45d4dfa9a66e9b49ca65ed03795","traceId":"165ae45d4dfa9a66e9b49ca65ed03795","context":{},"resources":[],"errorCategory":2,"grpcCodeValue":10,"retryInfo":"1 second","definiteAnswer":false}
 GET /api/canton-balances 502 in 264ms
 GET /api/canton-balances?party=minted-user-33f97321%3A%3A12203f16a8f4b26778d5c8c6847dc055acf5db91e0c5b0846de29ba5ea272ab2a0e4 200 in 98ms
Canton balances API error: Canton API 413: {"code":"JSON_API_MAXIMUM_LIST_ELEMENTS_NUMBER_REACHED","cause":"The number of matching elements (201) is greater than the node limit (200).","correlationId":"fb7678500f6ca060830bceb308e7ce42","traceId":"fb7678500f6ca060830bceb308e7ce42","context":{},"resources":[],"errorCategory":2,"grpcCodeValue":10,"retryInfo":"1 second","definiteAnswer":false}
 GET /api/canton-balances 502 in 114ms
 GET /api/canton-balances?party=minted-user-33f97321%3A%3A12203f16a8f4b26778d5c8c6847dc055acf5db91e0c5b0846de29ba5ea272ab2a0e4 200 in 70ms
Canton balances API error: Canton API 413: {"code":"JSON_API_MAXIMUM_LIST_ELEMENTS_NUMBER_REACHED","cause":"The number of matching elements (201) is greater than the node limit (200).","correlationId":"8b0e138d22e9546b4d1105d2e4e3c350","traceId":"8b0e138d22e9546b4d1105d2e4e3c350","context":{},"resources":[],"errorCategory":2,"grpcCodeValue":10,"retryInfo":"1 second","definiteAnswer":false}
 GET /api/canton-balances 502 in 85ms
 ✓ Compiled in 1606ms (1758 modules)
 GET /api/canton-balances 200 in 1120ms
 GET /api/canton-balances?party=minted-user-33f97321%3A%3A12203f16a8f4b26778d5c8c6847dc055acf5db91e0c5b0846de29ba5ea272ab2a0e4 200 in 1120ms
 ⨯ [Error: ENOENT: no such file or directory, open '/Users/luiscuello/Minted-mUSD-Canton/frontend/.next/routes-manifest.json'] {
  errno: -2,
  code: 'ENOENT',
  syscall: 'open',
  path: '/Users/luiscuello/Minted-mUSD-Canton/frontend/.next/routes-manifest.json'
}
 ⨯ [Error: ENOENT: no such file or directory, open '/Users/luiscuello/Minted-mUSD-Canton/frontend/.next/routes-manifest.json'] {
  errno: -2,
  code: 'ENOENT',
  syscall: 'open',
  path: '/Users/luiscuello/Minted-mUSD-Canton/frontend/.next/routes-manifest.json'
}
 ✓ Compiled /_error in 439ms (1866 modules)
 ⨯ Error: ENOENT: no such file or directory, open '/Users/luiscuello/Minted-mUSD-Canton/frontend/.next/routes-manifest.json'
    at async (.next/server/chunks/781.js:8:11010) {
  errno: -2,
  code: 'ENOENT',
  syscall: 'open',
  path: '/Users/luiscuello/Minted-mUSD-Canton/frontend/.next/routes-manifest.json'
}
 ⨯ Error: ENOENT: no such file or directory, open '/Users/luiscuello/Minted-mUSD-Canton/frontend/.next/routes-manifest.json'
    at async (.next/server/chunks/781.js:8:11010) {
  errno: -2,
  code: 'ENOENT',
  syscall: 'open',
  path: '/Users/luiscuello/Minted-mUSD-Canton/frontend/.next/routes-manifest.json'
}
[Error: ENOENT: no such file or directory, open '/Users/luiscuello/Minted-mUSD-Canton/frontend/.next/routes-manifest.json'] {
  errno: -2,
  code: 'ENOENT',
  syscall: 'open',
  path: '/Users/luiscuello/Minted-mUSD-Canton/frontend/.next/routes-manifest.json'
}
[Error: ENOENT: no such file or directory, open '/Users/luiscuello/Minted-mUSD-Canton/frontend/.next/routes-manifest.json'] {
  errno: -2,
  code: 'ENOENT',
  syscall: 'open',
  path: '/Users/luiscuello/Minted-mUSD-Canton/frontend/.next/routes-manifest.json'
}
 ⨯ Error: ENOENT: no such file or directory, open '/Users/luiscuello/Minted-mUSD-Canton/frontend/.next/routes-manifest.json'
    at async (.next/server/chunks/781.js:8:11010) {
  errno: -2,
  code: 'ENOENT',
  syscall: 'open',
  path: '/Users/luiscuello/Minted-mUSD-Canton/frontend/.next/routes-manifest.json'
}
 ⨯ Error: ENOENT: no such file or directory, open '/Users/luiscuello/Minted-mUSD-Canton/frontend/.next/routes-manifest.json'
    at async (.next/server/chunks/781.js:8:11010) {
  errno: -2,
  code: 'ENOENT',
  syscall: 'open',
  path: '/Users/luiscuello/Minted-mUSD-Canton/frontend/.next/routes-manifest.json'
}
[Error: ENOENT: no such file or directory, open '/Users/luiscuello/Minted-mUSD-Canton/frontend/.next/routes-manifest.json'] {
  errno: -2,
  code: 'ENOENT',
  syscall: 'open',
  path: '/Users/luiscuello/Minted-mUSD-Canton/frontend/.next/routes-manifest.json'
}
[Error: ENOENT: no such file or directory, open '/Users/luiscuello/Minted-mUSD-Canton/frontend/.next/routes-manifest.json'] {
  errno: -2,
  code: 'ENOENT',
  syscall: 'open',
  path: '/Users/luiscuello/Minted-mUSD-Canton/frontend/.next/routes-manifest.json'
}
 GET /api/canton-balances 500 in 2474ms
 GET /api/canton-balances 500 in 267ms
 GET /api/canton-balances?party=minted-user-33f97321%3A%3A12203f16a8f4b26778d5c8c6847dc055acf5db91e0c5b0846de29ba5ea272ab2a0e4 500 in 2474ms
 GET /api/canton-balances?party=minted-user-33f97321%3A%3A12203f16a8f4b26778d5c8c6847dc055acf5db91e0c5b0846de29ba5ea272ab2a0e4 500 in 267ms
<w> [webpack.cache.PackFileCacheStrategy] Caching failed for pack: Error: ENOENT: no such file or directory, rename '/Users/luiscuello/Minted-mUSD-Canton/frontend/.next/cache/webpack/client-development-fallback/0.pack.gz_' -> '/Users/luiscuello/Minted-mUSD-Canton/frontend/.next/cache/webpack/client-development-fallback/0.pack.gz'
 ⨯ Error: ENOENT: no such file or directory, open '/Users/luiscuello/Minted-mUSD-Canton/frontend/.next/routes-manifest.json'
    at async Module.w (.next/server/pages/api/canton-balances.js:1:8651) {
  errno: -2,
  code: 'ENOENT',
  syscall: 'open',
  path: '/Users/luiscuello/Minted-mUSD-Canton/frontend/.next/routes-manifest.json'
}
 ⨯ Error: ENOENT: no such file or directory, open '/Users/luiscuello/Minted-mUSD-Canton/frontend/.next/routes-manifest.json'
    at async Module.w (.next/server/pages/api/canton-balances.js:1:8651) {
  errno: -2,
  code: 'ENOENT',
  syscall: 'open',
  path: '/Users/luiscuello/Minted-mUSD-Canton/frontend/.next/routes-manifest.json'
}
 ⨯ Error: ENOENT: no such file or directory, open '/Users/luiscuello/Minted-mUSD-Canton/frontend/.next/routes-manifest.json'
    at async (.next/server/chunks/781.js:8:11010) {
  errno: -2,
  code: 'ENOENT',
  syscall: 'open',
  path: '/Users/luiscuello/Minted-mUSD-Canton/frontend/.next/routes-manifest.json'
}
 ⨯ Error: ENOENT: no such file or directory, open '/Users/luiscuello/Minted-mUSD-Canton/frontend/.next/routes-manifest.json'
    at async (.next/server/chunks/781.js:8:11010) {
  errno: -2,
  code: 'ENOENT',
  syscall: 'open',
  path: '/Users/luiscuello/Minted-mUSD-Canton/frontend/.next/routes-manifest.json'
}
Error: ENOENT: no such file or directory, open '/Users/luiscuello/Minted-mUSD-Canton/frontend/.next/routes-manifest.json'
    at async Module.w (.next/server/pages/api/canton-balances.js:1:8651) {
  errno: -2,
  code: 'ENOENT',
  syscall: 'open',
  path: '/Users/luiscuello/Minted-mUSD-Canton/frontend/.next/routes-manifest.json'
}
Error: ENOENT: no such file or directory, open '/Users/luiscuello/Minted-mUSD-Canton/frontend/.next/routes-manifest.json'
    at async Module.w (.next/server/pages/api/canton-balances.js:1:8651) {
  errno: -2,
  code: 'ENOENT',
  syscall: 'open',
  path: '/Users/luiscuello/Minted-mUSD-Canton/frontend/.next/routes-manifest.json'
}
 ⨯ Error: ENOENT: no such file or directory, open '/Users/luiscuello/Minted-mUSD-Canton/frontend/.next/routes-manifest.json'
    at async (.next/server/chunks/781.js:8:11010) {
  errno: -2,
  code: 'ENOENT',
  syscall: 'open',
  path: '/Users/luiscuello/Minted-mUSD-Canton/frontend/.next/routes-manifest.json'
}
 ⨯ Error: ENOENT: no such file or directory, open '/Users/luiscuello/Minted-mUSD-Canton/frontend/.next/routes-manifest.json'
    at async (.next/server/chunks/781.js:8:11010) {
  errno: -2,
  code: 'ENOENT',
  syscall: 'open',
  path: '/Users/luiscuello/Minted-mUSD-Canton/frontend/.next/routes-manifest.json'
}
[Error: ENOENT: no such file or directory, open '/Users/luiscuello/Minted-mUSD-Canton/frontend/.next/routes-manifest.json'] {
  errno: -2,
  code: 'ENOENT',
  syscall: 'open',
  path: '/Users/luiscuello/Minted-mUSD-Canton/frontend/.next/routes-manifest.json'
}
[Error: ENOENT: no such file or directory, open '/Users/luiscuello/Minted-mUSD-Canton/frontend/.next/routes-manifest.json'] {
  errno: -2,
  code: 'ENOENT',
  syscall: 'open',
  path: '/Users/luiscuello/Minted-mUSD-Canton/frontend/.next/routes-manifest.json'
}
 GET /api/canton-balances 500 in 300ms
 GET /api/canton-balances 500 in 68ms
 GET /api/canton-balances?party=minted-user-33f97321%3A%3A12203f16a8f4b26778d5c8c6847dc055acf5db91e0c5b0846de29ba5ea272ab2a0e4 500 in 301ms
 GET /api/canton-balances?party=minted-user-33f97321%3A%3A12203f16a8f4b26778d5c8c6847dc055acf5db91e0c5b0846de29ba5ea272ab2a0e4 500 in 69ms
 ⨯ Error: ENOENT: no such file or directory, open '/Users/luiscuello/Minted-mUSD-Canton/frontend/.next/routes-manifest.json'
    at async Module.w (.next/server/pages/api/canton-balances.js:1:8651) {
  errno: -2,
  code: 'ENOENT',
  syscall: 'open',
  path: '/Users/luiscuello/Minted-mUSD-Canton/frontend/.next/routes-manifest.json'
}
 ⨯ Error: ENOENT: no such file or directory, open '/Users/luiscuello/Minted-mUSD-Canton/frontend/.next/routes-manifest.json'
    at async (.next/server/chunks/781.js:8:11010) {
  errno: -2,
  code: 'ENOENT',
  syscall: 'open',
  path: '/Users/luiscuello/Minted-mUSD-Canton/frontend/.next/routes-manifest.json'
}
Error: ENOENT: no such file or directory, open '/Users/luiscuello/Minted-mUSD-Canton/frontend/.next/routes-manifest.json'
    at async Module.w (.next/server/pages/api/canton-balances.js:1:8651) {
  errno: -2,
  code: 'ENOENT',
  syscall: 'open',
  path: '/Users/luiscuello/Minted-mUSD-Canton/frontend/.next/routes-manifest.json'
}
 ⨯ Error: ENOENT: no such file or directory, open '/Users/luiscuello/Minted-mUSD-Canton/frontend/.next/routes-manifest.json'
    at async (.next/server/chunks/781.js:8:11010) {
  errno: -2,
  code: 'ENOENT',
  syscall: 'open',
  path: '/Users/luiscuello/Minted-mUSD-Canton/frontend/.next/routes-manifest.json'
}
[Error: ENOENT: no such file or directory, open '/Users/luiscuello/Minted-mUSD-Canton/frontend/.next/routes-manifest.json'] {
  errno: -2,
  code: 'ENOENT',
  syscall: 'open',
  path: '/Users/luiscuello/Minted-mUSD-Canton/frontend/.next/routes-manifest.json'
}
 GET /api/canton-balances?party=minted-user-33f97321::12203f16a8f4b26778d5c8c6847dc055acf5db91e0c5b0846de29ba5ea272ab2a0e4 500 in 120ms
 GET /api/canton-balances?party=minted-user-33f97321::12203f16a8f4b26778d5c8c6847dc055acf5db91e0c5b0846de29ba5ea272ab2a0e4 500 in 35ms
 ⨯ Error: ENOENT: no such file or directory, open '/Users/luiscuello/Minted-mUSD-Canton/frontend/.next/routes-manifest.json'
    at async Module.w (.next/server/pages/api/canton-balances.js:1:8651) {
  errno: -2,
  code: 'ENOENT',
  syscall: 'open',
  path: '/Users/luiscuello/Minted-mUSD-Canton/frontend/.next/routes-manifest.json'
}
 ⨯ Error: ENOENT: no such file or directory, open '/Users/luiscuello/Minted-mUSD-Canton/frontend/.next/routes-manifest.json'
    at async Module.w (.next/server/pages/api/canton-balances.js:1:8651) {
  errno: -2,
  code: 'ENOENT',
  syscall: 'open',
  path: '/Users/luiscuello/Minted-mUSD-Canton/frontend/.next/routes-manifest.json'
}
 ⨯ Error: ENOENT: no such file or directory, open '/Users/luiscuello/Minted-mUSD-Canton/frontend/.next/routes-manifest.json'
    at async (.next/server/chunks/781.js:8:11010) {
  errno: -2,
  code: 'ENOENT',
  syscall: 'open',
  path: '/Users/luiscuello/Minted-mUSD-Canton/frontend/.next/routes-manifest.json'
}
 ⨯ Error: ENOENT: no such file or directory, open '/Users/luiscuello/Minted-mUSD-Canton/frontend/.next/routes-manifest.json'
    at async (.next/server/chunks/781.js:8:11010) {
  errno: -2,
  code: 'ENOENT',
  syscall: 'open',
  path: '/Users/luiscuello/Minted-mUSD-Canton/frontend/.next/routes-manifest.json'
}
Error: ENOENT: no such file or directory, open '/Users/luiscuello/Minted-mUSD-Canton/frontend/.next/routes-manifest.json'
    at async Module.w (.next/server/pages/api/canton-balances.js:1:8651) {
  errno: -2,
  code: 'ENOENT',
  syscall: 'open',
  path: '/Users/luiscuello/Minted-mUSD-Canton/frontend/.next/routes-manifest.json'
}
Error: ENOENT: no such file or directory, open '/Users/luiscuello/Minted-mUSD-Canton/frontend/.next/routes-manifest.json'
    at async Module.w (.next/server/pages/api/canton-balances.js:1:8651) {
  errno: -2,
  code: 'ENOENT',
  syscall: 'open',
  path: '/Users/luiscuello/Minted-mUSD-Canton/frontend/.next/routes-manifest.json'
}
 ⨯ Error: ENOENT: no such file or directory, open '/Users/luiscuello/Minted-mUSD-Canton/frontend/.next/routes-manifest.json'
    at async (.next/server/chunks/781.js:8:11010) {
  errno: -2,
  code: 'ENOENT',
  syscall: 'open',
  path: '/Users/luiscuello/Minted-mUSD-Canton/frontend/.next/routes-manifest.json'
}
 ⨯ Error: ENOENT: no such file or directory, open '/Users/luiscuello/Minted-mUSD-Canton/frontend/.next/routes-manifest.json'
    at async (.next/server/chunks/781.js:8:11010) {
  errno: -2,
  code: 'ENOENT',
  syscall: 'open',
  path: '/Users/luiscuello/Minted-mUSD-Canton/frontend/.next/routes-manifest.json'
}
[Error: ENOENT: no such file or directory, open '/Users/luiscuello/Minted-mUSD-Canton/frontend/.next/routes-manifest.json'] {
  errno: -2,
  code: 'ENOENT',
  syscall: 'open',
  path: '/Users/luiscuello/Minted-mUSD-Canton/frontend/.next/routes-manifest.json'
}
[Error: ENOENT: no such file or directory, open '/Users/luiscuello/Minted-mUSD-Canton/frontend/.next/routes-manifest.json'] {
  errno: -2,
  code: 'ENOENT',
  syscall: 'open',
  path: '/Users/luiscuello/Minted-mUSD-Canton/frontend/.next/routes-manifest.json'
}
 GET /api/canton-balances?party=minted-user-33f97321%3A%3A12203f16a8f4b26778d5c8c6847dc055acf5db91e0c5b0846de29ba5ea272ab2a0e4 500 in 400ms
 GET /api/canton-balances?party=minted-user-33f97321%3A%3A12203f16a8f4b26778d5c8c6847dc055acf5db91e0c5b0846de29ba5ea272ab2a0e4 500 in 119ms
 GET /api/canton-balances 500 in 400ms
 GET /api/canton-balances 500 in 119ms
 ⨯ Error: ENOENT: no such file or directory, open '/Users/luiscuello/Minted-mUSD-Canton/frontend/.next/routes-manifest.json'
    at async Module.w (.next/server/pages/api/canton-balances.js:1:8651) {
  errno: -2,
  code: 'ENOENT',
  syscall: 'open',
  path: '/Users/luiscuello/Minted-mUSD-Canton/frontend/.next/routes-manifest.json'
}
 ⨯ Error: ENOENT: no such file or directory, open '/Users/luiscuello/Minted-mUSD-Canton/frontend/.next/routes-manifest.json'
    at async (.next/server/chunks/781.js:8:11010) {
  errno: -2,
  code: 'ENOENT',
  syscall: 'open',
  path: '/Users/luiscuello/Minted-mUSD-Canton/frontend/.next/routes-manifest.json'
}
Error: ENOENT: no such file or directory, open '/Users/luiscuello/Minted-mUSD-Canton/frontend/.next/routes-manifest.json'
    at async Module.w (.next/server/pages/api/canton-balances.js:1:8651) {
  errno: -2,
  code: 'ENOENT',
  syscall: 'open',
  path: '/Users/luiscuello/Minted-mUSD-Canton/frontend/.next/routes-manifest.json'
}
 ⨯ Error: ENOENT: no such file or directory, open '/Users/luiscuello/Minted-mUSD-Canton/frontend/.next/routes-manifest.json'
    at async (.next/server/chunks/781.js:8:11010) {
  errno: -2,
  code: 'ENOENT',
  syscall: 'open',
  path: '/Users/luiscuello/Minted-mUSD-Canton/frontend/.next/routes-manifest.json'
}
[Error: ENOENT: no such file or directory, open '/Users/luiscuello/Minted-mUSD-Canton/frontend/.next/routes-manifest.json'] {
  errno: -2,
  code: 'ENOENT',
  syscall: 'open',
  path: '/Users/luiscuello/Minted-mUSD-Canton/frontend/.next/routes-manifest.json'
}
 GET /api/canton-balances?party=minted-user-33f97321::12203f16a8f4b26778d5c8c6847dc055acf5db91e0c5b0846de29ba5ea272ab2a0e4 500 in 105ms
 GET /api/canton-balances?party=minted-user-33f97321::12203f16a8f4b26778d5c8c6847dc055acf5db91e0c5b0846de29ba5ea272ab2a0e4 500 in 32ms
 ⨯ Error: ENOENT: no such file or directory, open '/Users/luiscuello/Minted-mUSD-Canton/frontend/.next/routes-manifest.json'
    at async Module.w (.next/server/pages/api/canton-balances.js:1:8651) {
  errno: -2,
  code: 'ENOENT',
  syscall: 'open',
  path: '/Users/luiscuello/Minted-mUSD-Canton/frontend/.next/routes-manifest.json'
}
 ⨯ Error: ENOENT: no such file or directory, open '/Users/luiscuello/Minted-mUSD-Canton/frontend/.next/routes-manifest.json'
    at async Module.w (.next/server/pages/api/canton-balances.js:1:8651) {
  errno: -2,
  code: 'ENOENT',
  syscall: 'open',
  path: '/Users/luiscuello/Minted-mUSD-Canton/frontend/.next/routes-manifest.json'
}
 ⨯ Error: ENOENT: no such file or directory, open '/Users/luiscuello/Minted-mUSD-Canton/frontend/.next/routes-manifest.json'
    at async (.next/server/chunks/781.js:8:11010) {
  errno: -2,
  code: 'ENOENT',
  syscall: 'open',
  path: '/Users/luiscuello/Minted-mUSD-Canton/frontend/.next/routes-manifest.json'
}
 ⨯ Error: ENOENT: no such file or directory, open '/Users/luiscuello/Minted-mUSD-Canton/frontend/.next/routes-manifest.json'
    at async (.next/server/chunks/781.js:8:11010) {
  errno: -2,
  code: 'ENOENT',
  syscall: 'open',
  path: '/Users/luiscuello/Minted-mUSD-Canton/frontend/.next/routes-manifest.json'
}
Error: ENOENT: no such file or directory, open '/Users/luiscuello/Minted-mUSD-Canton/frontend/.next/routes-manifest.json'
    at async Module.w (.next/server/pages/api/canton-balances.js:1:8651) {
  errno: -2,
  code: 'ENOENT',
  syscall: 'open',
  path: '/Users/luiscuello/Minted-mUSD-Canton/frontend/.next/routes-manifest.json'
}
Error: ENOENT: no such file or directory, open '/Users/luiscuello/Minted-mUSD-Canton/frontend/.next/routes-manifest.json'
    at async Module.w (.next/server/pages/api/canton-balances.js:1:8651) {
  errno: -2,
  code: 'ENOENT',
  syscall: 'open',
  path: '/Users/luiscuello/Minted-mUSD-Canton/frontend/.next/routes-manifest.json'
}
 ⨯ Error: ENOENT: no such file or directory, open '/Users/luiscuello/Minted-mUSD-Canton/frontend/.next/routes-manifest.json'
    at async (.next/server/chunks/781.js:8:11010) {
  errno: -2,
  code: 'ENOENT',
  syscall: 'open',
  path: '/Users/luiscuello/Minted-mUSD-Canton/frontend/.next/routes-manifest.json'
}
 ⨯ Error: ENOENT: no such file or directory, open '/Users/luiscuello/Minted-mUSD-Canton/frontend/.next/routes-manifest.json'
    at async (.next/server/chunks/781.js:8:11010) {
  errno: -2,
  code: 'ENOENT',
  syscall: 'open',
  path: '/Users/luiscuello/Minted-mUSD-Canton/frontend/.next/routes-manifest.json'
}
[Error: ENOENT: no such file or directory, open '/Users/luiscuello/Minted-mUSD-Canton/frontend/.next/routes-manifest.json'] {
  errno: -2,
  code: 'ENOENT',
  syscall: 'open',
  path: '/Users/luiscuello/Minted-mUSD-Canton/frontend/.next/routes-manifest.json'
}
[Error: ENOENT: no such file or directory, open '/Users/luiscuello/Minted-mUSD-Canton/frontend/.next/routes-manifest.json'] {
  errno: -2,
  code: 'ENOENT',
  syscall: 'open',
  path: '/Users/luiscuello/Minted-mUSD-Canton/frontend/.next/routes-manifest.json'
}
 GET /api/canton-balances?party=minted-user-33f97321%3A%3A12203f16a8f4b26778d5c8c6847dc055acf5db91e0c5b0846de29ba5ea272ab2a0e4 500 in 327ms
 GET /api/canton-balances?party=minted-user-33f97321%3A%3A12203f16a8f4b26778d5c8c6847dc055acf5db91e0c5b0846de29ba5ea272ab2a0e4 500 in 109ms
 GET /api/canton-balances 500 in 327ms
 GET /api/canton-balances 500 in 109ms
 ⨯ Error: ENOENT: no such file or directory, open '/Users/luiscuello/Minted-mUSD-Canton/frontend/.next/routes-manifest.json'
    at async Module.w (.next/server/pages/api/canton-balances.js:1:8651) {
  errno: -2,
  code: 'ENOENT',
  syscall: 'open',
  path: '/Users/luiscuello/Minted-mUSD-Canton/frontend/.next/routes-manifest.json'
}
 ⨯ Error: ENOENT: no such file or directory, open '/Users/luiscuello/Minted-mUSD-Canton/frontend/.next/routes-manifest.json'
    at async Module.w (.next/server/pages/api/canton-balances.js:1:8651) {
  errno: -2,
  code: 'ENOENT',
  syscall: 'open',
  path: '/Users/luiscuello/Minted-mUSD-Canton/frontend/.next/routes-manifest.json'
}
 ⨯ Error: ENOENT: no such file or directory, open '/Users/luiscuello/Minted-mUSD-Canton/frontend/.next/routes-manifest.json'
    at async (.next/server/chunks/781.js:8:11010) {
  errno: -2,
  code: 'ENOENT',
  syscall: 'open',
  path: '/Users/luiscuello/Minted-mUSD-Canton/frontend/.next/routes-manifest.json'
}
 ⨯ Error: ENOENT: no such file or directory, open '/Users/luiscuello/Minted-mUSD-Canton/frontend/.next/routes-manifest.json'
    at async (.next/server/chunks/781.js:8:11010) {
  errno: -2,
  code: 'ENOENT',
  syscall: 'open',
  path: '/Users/luiscuello/Minted-mUSD-Canton/frontend/.next/routes-manifest.json'
}
Error: ENOENT: no such file or directory, open '/Users/luiscuello/Minted-mUSD-Canton/frontend/.next/routes-manifest.json'
    at async Module.w (.next/server/pages/api/canton-balances.js:1:8651) {
  errno: -2,
  code: 'ENOENT',
  syscall: 'open',
  path: '/Users/luiscuello/Minted-mUSD-Canton/frontend/.next/routes-manifest.json'
}
Error: ENOENT: no such file or directory, open '/Users/luiscuello/Minted-mUSD-Canton/frontend/.next/routes-manifest.json'
    at async Module.w (.next/server/pages/api/canton-balances.js:1:8651) {
  errno: -2,
  code: 'ENOENT',
  syscall: 'open',
  path: '/Users/luiscuello/Minted-mUSD-Canton/frontend/.next/routes-manifest.json'
}
 ⨯ Error: ENOENT: no such file or directory, open '/Users/luiscuello/Minted-mUSD-Canton/frontend/.next/routes-manifest.json'
    at async (.next/server/chunks/781.js:8:11010) {
  errno: -2,
  code: 'ENOENT',
  syscall: 'open',
  path: '/Users/luiscuello/Minted-mUSD-Canton/frontend/.next/routes-manifest.json'
}
 ⨯ Error: ENOENT: no such file or directory, open '/Users/luiscuello/Minted-mUSD-Canton/frontend/.next/routes-manifest.json'
    at async (.next/server/chunks/781.js:8:11010) {
  errno: -2,
  code: 'ENOENT',
  syscall: 'open',
  path: '/Users/luiscuello/Minted-mUSD-Canton/frontend/.next/routes-manifest.json'
}
[Error: ENOENT: no such file or directory, open '/Users/luiscuello/Minted-mUSD-Canton/frontend/.next/routes-manifest.json'] {
  errno: -2,
  code: 'ENOENT',
  syscall: 'open',
  path: '/Users/luiscuello/Minted-mUSD-Canton/frontend/.next/routes-manifest.json'
}
[Error: ENOENT: no such file or directory, open '/Users/luiscuello/Minted-mUSD-Canton/frontend/.next/routes-manifest.json'] {
  errno: -2,
  code: 'ENOENT',
  syscall: 'open',
  path: '/Users/luiscuello/Minted-mUSD-Canton/frontend/.next/routes-manifest.json'
}
 GET /api/canton-balances?party=minted-user-33f97321%3A%3A12203f16a8f4b26778d5c8c6847dc055acf5db91e0c5b0846de29ba5ea272ab2a0e4 500 in 305ms
 GET /api/canton-balances?party=minted-user-33f97321%3A%3A12203f16a8f4b26778d5c8c6847dc055acf5db91e0c5b0846de29ba5ea272ab2a0e4 500 in 98ms
 GET /api/canton-balances 500 in 306ms
 GET /api/canton-balances 500 in 98ms
[?25h

> minted-protocol-frontend@1.0.0 dev
> next dev

 ⚠ Warning: Next.js inferred your workspace root, but it may not be correct.
 We detected multiple lockfiles and selected the directory of /Users/luiscuello/Minted-mUSD-Canton/package-lock.json as the root directory.
 To silence this warning, set `outputFileTracingRoot` in your Next.js config, or consider removing one of the lockfiles if it's not needed.
   See https://nextjs.org/docs/app/api-reference/config/next-config-js/output#caveats for more information.
 Detected additional lockfiles: 
   * /Users/luiscuello/Minted-mUSD-Canton/frontend/package-lock.json

   ▲ Next.js 15.5.12
   - Local:        http://localhost:3000
   - Network:      http://192.168.1.101:3000
   - Environments: .env.local

 ✓ Starting...
 ✓ Ready in 1958ms
 ⚠ Fast Refresh had to perform a full reload. Read more: https://nextjs.org/docs/messages/fast-refresh-reload
 ○ Compiling / ...
 ⚠ Fast Refresh had to perform a full reload. Read more: https://nextjs.org/docs/messages/fast-refresh-reload
 ✓ Compiled / in 1778ms (1735 modules)
 GET /?page=bridge 200 in 1323ms
 ✓ Compiled /api/canton-balances in 158ms (248 modules)
 GET /api/canton-balances?party=minted-user-33f97321::12203f16a8f4b26778d5c8c6847dc055acf5db91e0c5b0846de29ba5ea272ab2a0e4 200 in 1256ms
 GET /api/canton-balances 200 in 1110ms
 GET /api/canton-balances?party=minted-user-33f97321::12203f16a8f4b26778d5c8c6847dc055acf5db91e0c5b0846de29ba5ea272ab2a0e4 200 in 272ms
 GET /api/canton-balances 200 in 103ms
 GET /api/canton-balances?party=minted-user-33f97321%3A%3A12203f16a8f4b26778d5c8c6847dc055acf5db91e0c5b0846de29ba5ea272ab2a0e4 200 in 1059ms
 GET /api/canton-balances?party=minted-user-33f97321%3A%3A12203f16a8f4b26778d5c8c6847dc055acf5db91e0c5b0846de29ba5ea272ab2a0e4 200 in 35ms
 GET /api/canton-balances 200 in 3270ms
 GET /api/canton-balances 200 in 56ms
 GET /api/canton-balances?party=minted-user-33f97321%3A%3A12203f16a8f4b26778d5c8c6847dc055acf5db91e0c5b0846de29ba5ea272ab2a0e4 200 in 50ms
 GET /api/canton-balances 200 in 59ms
 ✓ Compiled /api/canton-command in 101ms (250 modules)
[canton-command] EXERCISE 0489a86388cc81e3e0bee8dc8f6781229d0e01451c1f2d19deea594255e5993b:CantonDirectMint:CantonMUSD CantonMUSD_Split on 00df662d5018df114a20
 GET /api/canton-balances?party=minted-user-33f97321%3A%3A12203f16a8f4b26778d5c8c6847dc055acf5db91e0c5b0846de29ba5ea272ab2a0e4 200 in 87ms
 GET /api/canton-balances?party=minted-user-33f97321%3A%3A12203f16a8f4b26778d5c8c6847dc055acf5db91e0c5b0846de29ba5ea272ab2a0e4 200 in 36ms
 POST /api/canton-command 200 in 4730ms
 GET /api/canton-balances?party=minted-user-33f97321%3A%3A12203f16a8f4b26778d5c8c6847dc055acf5db91e0c5b0846de29ba5ea272ab2a0e4 200 in 32ms
[canton-command] EXERCISE 0489a86388cc81e3e0bee8dc8f6781229d0e01451c1f2d19deea594255e5993b:CantonDirectMint:CantonDirectMintService DirectMint_Redeem on 004108f6033b96ba9418
 GET /api/canton-balances 200 in 1064ms
 GET /api/canton-balances 200 in 132ms
 GET /api/canton-balances 200 in 369ms
 GET /api/canton-balances 200 in 196ms
 POST /api/canton-command 200 in 6610ms
 GET /api/canton-balances?party=minted-user-33f97321%3A%3A12203f16a8f4b26778d5c8c6847dc055acf5db91e0c5b0846de29ba5ea272ab2a0e4 200 in 3063ms
 GET /api/canton-balances?party=minted-user-33f97321%3A%3A12203f16a8f4b26778d5c8c6847dc055acf5db91e0c5b0846de29ba5ea272ab2a0e4 200 in 74ms
 GET /api/canton-balances?party=minted-user-33f97321%3A%3A12203f16a8f4b26778d5c8c6847dc055acf5db91e0c5b0846de29ba5ea272ab2a0e4 200 in 76ms
 GET / 200 in 426ms
 GET /api/canton-balances?party=minted-user-33f97321%3A%3A12203f16a8f4b26778d5c8c6847dc055acf5db91e0c5b0846de29ba5ea272ab2a0e4 200 in 1059ms
 GET /api/canton-balances 200 in 1064ms
 GET /api/canton-balances?party=minted-user-33f97321%3A%3A12203f16a8f4b26778d5c8c6847dc055acf5db91e0c5b0846de29ba5ea272ab2a0e4 200 in 94ms
 GET /api/canton-balances 200 in 102ms
 GET /api/canton-balances?party=minted-user-33f97321%3A%3A12203f16a8f4b26778d5c8c6847dc055acf5db91e0c5b0846de29ba5ea272ab2a0e4 200 in 929ms
 GET /api/canton-balances 200 in 929ms
 GET /api/canton-balances?party=minted-user-33f97321%3A%3A12203f16a8f4b26778d5c8c6847dc055acf5db91e0c5b0846de29ba5ea272ab2a0e4 200 in 367ms
 GET /api/canton-balances 200 in 407ms
 GET /api/canton-balances 200 in 162ms
 GET /api/canton-balances 200 in 225ms
 GET /api/canton-balances 200 in 232ms
 GET /api/canton-balances 200 in 231ms
 GET /api/canton-balances?party=minted-user-33f97321%3A%3A12203f16a8f4b26778d5c8c6847dc055acf5db91e0c5b0846de29ba5ea272ab2a0e4 200 in 54ms
 GET /api/canton-balances?party=minted-user-33f97321%3A%3A12203f16a8f4b26778d5c8c6847dc055acf5db91e0c5b0846de29ba5ea272ab2a0e4 200 in 418ms
 GET /api/canton-balances?party=minted-user-33f97321%3A%3A12203f16a8f4b26778d5c8c6847dc055acf5db91e0c5b0846de29ba5ea272ab2a0e4 200 in 272ms
 GET /api/canton-balances 200 in 279ms
 GET /api/canton-balances?party=minted-user-33f97321%3A%3A12203f16a8f4b26778d5c8c6847dc055acf5db91e0c5b0846de29ba5ea272ab2a0e4 200 in 349ms
 GET /api/canton-balances 200 in 370ms
 GET /api/canton-balances?party=minted-user-33f97321%3A%3A12203f16a8f4b26778d5c8c6847dc055acf5db91e0c5b0846de29ba5ea272ab2a0e4 200 in 891ms
 GET /api/canton-balances 200 in 898ms
 GET /api/canton-balances?party=minted-user-33f97321%3A%3A12203f16a8f4b26778d5c8c6847dc055acf5db91e0c5b0846de29ba5ea272ab2a0e4 200 in 163ms
 GET /api/canton-balances 200 in 227ms
 GET /api/canton-balances 200 in 711ms
 GET /api/canton-balances 200 in 214ms
 GET /api/canton-balances?party=minted-user-33f97321%3A%3A12203f16a8f4b26778d5c8c6847dc055acf5db91e0c5b0846de29ba5ea272ab2a0e4 200 in 1276ms
 GET /api/canton-balances?party=minted-user-33f97321%3A%3A12203f16a8f4b26778d5c8c6847dc055acf5db91e0c5b0846de29ba5ea272ab2a0e4 200 in 91ms
 GET /api/canton-balances?party=minted-user-33f97321%3A%3A12203f16a8f4b26778d5c8c6847dc055acf5db91e0c5b0846de29ba5ea272ab2a0e4 200 in 254ms
 GET /api/canton-balances?party=minted-user-33f97321%3A%3A12203f16a8f4b26778d5c8c6847dc055acf5db91e0c5b0846de29ba5ea272ab2a0e4 200 in 74ms
 GET /api/canton-balances 200 in 408ms
 GET /api/canton-balances 200 in 293ms
 GET /api/canton-balances?party=minted-user-33f97321%3A%3A12203f16a8f4b26778d5c8c6847dc055acf5db91e0c5b0846de29ba5ea272ab2a0e4 200 in 115ms
 GET /api/canton-balances?party=minted-user-33f97321%3A%3A12203f16a8f4b26778d5c8c6847dc055acf5db91e0c5b0846de29ba5ea272ab2a0e4 200 in 239ms
 GET /api/canton-balances?party=minted-user-33f97321%3A%3A12203f16a8f4b26778d5c8c6847dc055acf5db91e0c5b0846de29ba5ea272ab2a0e4 200 in 350ms
 GET /api/canton-balances 200 in 369ms
 GET /api/canton-balances?party=minted-user-33f97321%3A%3A12203f16a8f4b26778d5c8c6847dc055acf5db91e0c5b0846de29ba5ea272ab2a0e4 200 in 153ms
 GET /api/canton-balances 200 in 200ms
 GET /api/canton-balances?party=minted-user-33f97321%3A%3A12203f16a8f4b26778d5c8c6847dc055acf5db91e0c5b0846de29ba5ea272ab2a0e4 200 in 224ms
 GET /api/canton-balances 200 in 244ms
 GET /api/canton-balances?party=minted-user-33f97321%3A%3A12203f16a8f4b26778d5c8c6847dc055acf5db91e0c5b0846de29ba5ea272ab2a0e4 200 in 75ms
 GET /api/canton-balances 200 in 87ms
 GET /api/canton-balances?party=minted-user-33f97321%3A%3A12203f16a8f4b26778d5c8c6847dc055acf5db91e0c5b0846de29ba5ea272ab2a0e4 200 in 101ms
 GET /api/canton-balances 200 in 108ms
 GET /api/canton-balances?party=minted-user-33f97321%3A%3A12203f16a8f4b26778d5c8c6847dc055acf5db91e0c5b0846de29ba5ea272ab2a0e4 200 in 50ms
 GET /api/canton-balances 200 in 49ms
 GET /api/canton-balances?party=minted-user-33f97321%3A%3A12203f16a8f4b26778d5c8c6847dc055acf5db91e0c5b0846de29ba5ea272ab2a0e4 200 in 62ms
 GET /api/canton-balances 200 in 74ms
 GET /api/canton-balances?party=minted-user-33f97321%3A%3A12203f16a8f4b26778d5c8c6847dc055acf5db91e0c5b0846de29ba5ea272ab2a0e4 200 in 40ms
 GET /api/canton-balances 200 in 185ms
 GET /api/canton-balances?party=minted-user-33f97321%3A%3A12203f16a8f4b26778d5c8c6847dc055acf5db91e0c5b0846de29ba5ea272ab2a0e4 200 in 1074ms
 GET /api/canton-balances?party=minted-user-33f97321%3A%3A12203f16a8f4b26778d5c8c6847dc055acf5db91e0c5b0846de29ba5ea272ab2a0e4 200 in 44ms
 GET /api/canton-balances?party=minted-user-33f97321%3A%3A12203f16a8f4b26778d5c8c6847dc055acf5db91e0c5b0846de29ba5ea272ab2a0e4 200 in 46ms
 GET /api/canton-balances?party=minted-user-33f97321%3A%3A12203f16a8f4b26778d5c8c6847dc055acf5db91e0c5b0846de29ba5ea272ab2a0e4 200 in 180ms
 GET /api/canton-balances?party=minted-user-33f97321%3A%3A12203f16a8f4b26778d5c8c6847dc055acf5db91e0c5b0846de29ba5ea272ab2a0e4 200 in 68ms
 GET /api/canton-balances?party=minted-user-33f97321%3A%3A12203f16a8f4b26778d5c8c6847dc055acf5db91e0c5b0846de29ba5ea272ab2a0e4 200 in 34ms
 GET /api/canton-balances?party=minted-user-33f97321%3A%3A12203f16a8f4b26778d5c8c6847dc055acf5db91e0c5b0846de29ba5ea272ab2a0e4 200 in 47ms
 GET /api/canton-balances 200 in 5064ms
 GET /api/canton-balances 200 in 93ms
 GET /api/canton-balances 200 in 67ms
 GET /api/canton-balances 200 in 66ms
 GET /api/canton-balances 200 in 56ms
 GET /api/canton-balances?party=minted-user-33f97321%3A%3A12203f16a8f4b26778d5c8c6847dc055acf5db91e0c5b0846de29ba5ea272ab2a0e4 200 in 85ms
 GET /api/canton-balances 200 in 103ms
 GET /api/canton-balances?party=minted-user-33f97321%3A%3A12203f16a8f4b26778d5c8c6847dc055acf5db91e0c5b0846de29ba5ea272ab2a0e4 200 in 105ms
 GET /api/canton-balances 200 in 96ms
 GET /api/canton-balances?party=minted-user-33f97321%3A%3A12203f16a8f4b26778d5c8c6847dc055acf5db91e0c5b0846de29ba5ea272ab2a0e4 200 in 87ms
 GET /api/canton-balances?party=minted-user-33f97321%3A%3A12203f16a8f4b26778d5c8c6847dc055acf5db91e0c5b0846de29ba5ea272ab2a0e4 200 in 50ms
 GET /api/canton-balances 200 in 1034ms
 GET /api/canton-balances 200 in 61ms
 GET /api/canton-balances?party=minted-user-33f97321%3A%3A12203f16a8f4b26778d5c8c6847dc055acf5db91e0c5b0846de29ba5ea272ab2a0e4 200 in 40ms
 GET /api/canton-balances?party=minted-user-33f97321%3A%3A12203f16a8f4b26778d5c8c6847dc055acf5db91e0c5b0846de29ba5ea272ab2a0e4 200 in 30ms
 GET /api/canton-balances 200 in 49ms
 GET /api/canton-balances 200 in 55ms
 GET /api/canton-balances 200 in 190ms
 GET /api/canton-balances 200 in 59ms
 GET /api/canton-balances 200 in 71ms
 GET /api/canton-balances 200 in 94ms
 GET /api/canton-balances 200 in 84ms
 GET /api/canton-balances?party=minted-user-33f97321%3A%3A12203f16a8f4b26778d5c8c6847dc055acf5db91e0c5b0846de29ba5ea272ab2a0e4 200 in 38ms
 GET /api/canton-balances?party=minted-user-33f97321%3A%3A12203f16a8f4b26778d5c8c6847dc055acf5db91e0c5b0846de29ba5ea272ab2a0e4 200 in 26ms
 GET /api/canton-balances 200 in 48ms
 GET /api/canton-balances 200 in 60ms
 GET /api/canton-balances?party=minted-user-33f97321%3A%3A12203f16a8f4b26778d5c8c6847dc055acf5db91e0c5b0846de29ba5ea272ab2a0e4 200 in 40ms
 GET /api/canton-balances?party=minted-user-33f97321%3A%3A12203f16a8f4b26778d5c8c6847dc055acf5db91e0c5b0846de29ba5ea272ab2a0e4 200 in 24ms
 GET /api/canton-balances 200 in 1055ms
 GET /api/canton-balances 200 in 121ms
 GET /api/canton-balances 200 in 421ms
[canton-command] EXERCISE 0489a86388cc81e3e0bee8dc8f6781229d0e01451c1f2d19deea594255e5993b:CantonBoostPool:CantonBoostPoolService Deposit on 00ce60fb885d12c4aba0
 POST /api/canton-command 200 in 4112ms
 GET /api/canton-balances 200 in 255ms
 GET /api/canton-balances 200 in 93ms
 GET /api/canton-balances 200 in 1050ms
[canton-command] EXERCISE 0489a86388cc81e3e0bee8dc8f6781229d0e01451c1f2d19deea594255e5993b:CantonBoostPool:CantonBoostPoolService Deposit on 006f7b3bce2f9b39c4fb
 POST /api/canton-command 200 in 3458ms
 GET /api/canton-balances 200 in 1050ms
 GET /api/canton-balances 200 in 135ms
 GET /api/canton-balances 200 in 115ms
 GET /api/canton-balances 200 in 101ms
 GET /api/canton-balances 200 in 260ms
 GET /api/canton-balances?party=minted-user-33f97321%3A%3A12203f16a8f4b26778d5c8c6847dc055acf5db91e0c5b0846de29ba5ea272ab2a0e4 200 in 279ms
 GET /api/canton-balances?party=minted-user-33f97321%3A%3A12203f16a8f4b26778d5c8c6847dc055acf5db91e0c5b0846de29ba5ea272ab2a0e4 200 in 151ms
 GET /api/canton-balances 200 in 169ms
 GET /api/canton-balances?party=minted-user-33f97321%3A%3A12203f16a8f4b26778d5c8c6847dc055acf5db91e0c5b0846de29ba5ea272ab2a0e4 200 in 86ms
 GET /api/canton-balances?party=minted-user-33f97321%3A%3A12203f16a8f4b26778d5c8c6847dc055acf5db91e0c5b0846de29ba5ea272ab2a0e4 200 in 71ms
 GET /api/canton-balances 200 in 114ms
 GET /api/canton-balances 200 in 263ms
 GET /api/canton-balances?party=minted-user-33f97321%3A%3A12203f16a8f4b26778d5c8c6847dc055acf5db91e0c5b0846de29ba5ea272ab2a0e4 200 in 154ms
 GET /api/canton-balances?party=minted-user-33f97321%3A%3A12203f16a8f4b26778d5c8c6847dc055acf5db91e0c5b0846de29ba5ea272ab2a0e4 200 in 85ms
 GET /api/canton-balances?party=minted-user-33f97321%3A%3A12203f16a8f4b26778d5c8c6847dc055acf5db91e0c5b0846de29ba5ea272ab2a0e4 200 in 228ms
 GET /api/canton-balances?party=minted-user-33f97321%3A%3A12203f16a8f4b26778d5c8c6847dc055acf5db91e0c5b0846de29ba5ea272ab2a0e4 200 in 286ms
 GET /api/canton-balances?party=minted-user-33f97321%3A%3A12203f16a8f4b26778d5c8c6847dc055acf5db91e0c5b0846de29ba5ea272ab2a0e4 200 in 1058ms
 GET /api/canton-balances?party=minted-user-33f97321%3A%3A12203f16a8f4b26778d5c8c6847dc055acf5db91e0c5b0846de29ba5ea272ab2a0e4 200 in 1027ms
 GET /api/canton-balances?party=minted-user-33f97321%3A%3A12203f16a8f4b26778d5c8c6847dc055acf5db91e0c5b0846de29ba5ea272ab2a0e4 200 in 1051ms
 GET /api/canton-balances 200 in 1126ms
 GET /api/canton-balances 200 in 99ms
 GET /api/canton-balances?party=minted-user-33f97321%3A%3A12203f16a8f4b26778d5c8c6847dc055acf5db91e0c5b0846de29ba5ea272ab2a0e4 200 in 135ms
 GET /api/canton-balances 200 in 262ms
 GET /api/canton-balances?party=minted-user-33f97321%3A%3A12203f16a8f4b26778d5c8c6847dc055acf5db91e0c5b0846de29ba5ea272ab2a0e4 200 in 126ms
 GET /api/canton-balances 200 in 111ms
 GET /api/canton-balances 200 in 196ms
 GET /api/canton-balances 200 in 184ms
 GET /api/canton-balances 200 in 344ms
 GET /api/canton-balances 200 in 1047ms
 ✓ Compiled /api/canton-refresh-prices in 245ms (250 modules)
Price refresh error: Canton API 413: {"code":"JSON_API_MAXIMUM_LIST_ELEMENTS_NUMBER_REACHED","cause":"The number of matching elements (201) is greater than the node limit (200).","correlationId":"9484735fad4576f056dcd2f0efd2cf80","traceId":"9484735fad4576f056dcd2f0efd2cf80","context":{},"resources":[],"errorCategory":2,"grpcCodeValue":10,"retryInfo":"1 second","definiteAnswer":false}
 POST /api/canton-refresh-prices 502 in 343ms
 GET /api/canton-balances 200 in 240ms
 ✓ Compiled /api/canton-command in 62ms (252 modules)
[canton-command] EXERCISE 0489a86388cc81e3e0bee8dc8f6781229d0e01451c1f2d19deea594255e5993b:CantonLending:CantonLendingService Lending_WithdrawCTN on 0059362a736858e1e5eb
 POST /api/canton-command 200 in 3828ms
 GET /api/canton-balances 200 in 71ms
 GET /api/canton-balances 200 in 222ms
 GET /api/canton-balances 200 in 1087ms
 GET /api/canton-balances 200 in 1071ms
 GET /api/canton-balances 200 in 102ms
 GET /api/canton-balances 200 in 103ms
 GET /api/canton-balances 200 in 1092ms
 GET /api/canton-balances?party=minted-user-33f97321%3A%3A12203f16a8f4b26778d5c8c6847dc055acf5db91e0c5b0846de29ba5ea272ab2a0e4 200 in 1075ms
 GET /api/canton-balances?party=minted-user-33f97321%3A%3A12203f16a8f4b26778d5c8c6847dc055acf5db91e0c5b0846de29ba5ea272ab2a0e4 200 in 34ms
 GET /api/canton-balances 200 in 1079ms
 GET /api/canton-balances 200 in 77ms
 GET /api/canton-balances?party=minted-user-33f97321%3A%3A12203f16a8f4b26778d5c8c6847dc055acf5db91e0c5b0846de29ba5ea272ab2a0e4 200 in 3301ms
 GET /api/canton-balances?party=minted-user-33f97321%3A%3A12203f16a8f4b26778d5c8c6847dc055acf5db91e0c5b0846de29ba5ea272ab2a0e4 200 in 123ms
 GET /api/canton-balances 200 in 1062ms
 GET /api/canton-balances?party=minted-user-33f97321%3A%3A12203f16a8f4b26778d5c8c6847dc055acf5db91e0c5b0846de29ba5ea272ab2a0e4 200 in 1063ms
 GET /api/canton-balances 200 in 129ms
 GET /api/canton-balances 200 in 114ms
 GET /api/canton-balances 200 in 93ms
 GET /api/canton-balances 200 in 73ms
 GET /api/canton-balances?party=minted-user-33f97321%3A%3A12203f16a8f4b26778d5c8c6847dc055acf5db91e0c5b0846de29ba5ea272ab2a0e4 200 in 282ms
 GET /api/canton-balances?party=minted-user-33f97321%3A%3A12203f16a8f4b26778d5c8c6847dc055acf5db91e0c5b0846de29ba5ea272ab2a0e4 200 in 77ms
 GET /api/canton-balances 200 in 477ms
 GET /api/canton-balances 200 in 85ms
 GET /api/canton-balances?party=minted-user-33f97321%3A%3A12203f16a8f4b26778d5c8c6847dc055acf5db91e0c5b0846de29ba5ea272ab2a0e4 200 in 64ms
 GET /api/canton-balances?party=minted-user-33f97321%3A%3A12203f16a8f4b26778d5c8c6847dc055acf5db91e0c5b0846de29ba5ea272ab2a0e4 200 in 33ms
 GET /api/canton-balances?party=minted-user-33f97321%3A%3A12203f16a8f4b26778d5c8c6847dc055acf5db91e0c5b0846de29ba5ea272ab2a0e4 200 in 67ms
 GET /api/canton-balances?party=minted-user-33f97321%3A%3A12203f16a8f4b26778d5c8c6847dc055acf5db91e0c5b0846de29ba5ea272ab2a0e4 200 in 1130ms
 ✓ Compiled in 1325ms (1758 modules)
 GET /api/canton-balances?party=minted-user-33f97321%3A%3A12203f16a8f4b26778d5c8c6847dc055acf5db91e0c5b0846de29ba5ea272ab2a0e4 200 in 80ms
 GET /api/canton-balances?party=minted-user-33f97321%3A%3A12203f16a8f4b26778d5c8c6847dc055acf5db91e0c5b0846de29ba5ea272ab2a0e4 200 in 1083ms
 ✓ Compiled in 1020ms (1758 modules)
 GET /api/canton-balances?party=minted-user-33f97321%3A%3A12203f16a8f4b26778d5c8c6847dc055acf5db91e0c5b0846de29ba5ea272ab2a0e4 200 in 322ms
 GET /api/canton-balances?party=minted-user-33f97321%3A%3A12203f16a8f4b26778d5c8c6847dc055acf5db91e0c5b0846de29ba5ea272ab2a0e4 200 in 1216ms
 GET /api/canton-balances?party=minted-user-33f97321%3A%3A12203f16a8f4b26778d5c8c6847dc055acf5db91e0c5b0846de29ba5ea272ab2a0e4 200 in 1127ms
 GET /api/canton-balances?party=minted-user-33f97321%3A%3A12203f16a8f4b26778d5c8c6847dc055acf5db91e0c5b0846de29ba5ea272ab2a0e4 200 in 1295ms
 GET /api/canton-balances?party=minted-user-33f97321%3A%3A12203f16a8f4b26778d5c8c6847dc055acf5db91e0c5b0846de29ba5ea272ab2a0e4 200 in 90ms
 GET /api/canton-balances?party=minted-user-33f97321%3A%3A12203f16a8f4b26778d5c8c6847dc055acf5db91e0c5b0846de29ba5ea272ab2a0e4 200 in 268ms
 GET /api/canton-balances?party=minted-user-33f97321%3A%3A12203f16a8f4b26778d5c8c6847dc055acf5db91e0c5b0846de29ba5ea272ab2a0e4 200 in 1052ms
 ✓ Compiled in 978ms (1758 modules)
 GET /api/canton-balances?party=minted-user-33f97321%3A%3A12203f16a8f4b26778d5c8c6847dc055acf5db91e0c5b0846de29ba5ea272ab2a0e4 200 in 1298ms
 GET /api/canton-balances?party=minted-user-33f97321%3A%3A12203f16a8f4b26778d5c8c6847dc055acf5db91e0c5b0846de29ba5ea272ab2a0e4 200 in 91ms
 GET /api/canton-balances?party=minted-user-33f97321%3A%3A12203f16a8f4b26778d5c8c6847dc055acf5db91e0c5b0846de29ba5ea272ab2a0e4 200 in 250ms
 GET /api/canton-balances?party=minted-user-33f97321%3A%3A12203f16a8f4b26778d5c8c6847dc055acf5db91e0c5b0846de29ba5ea272ab2a0e4 200 in 1044ms
 GET /api/canton-balances?party=minted-user-33f97321%3A%3A12203f16a8f4b26778d5c8c6847dc055acf5db91e0c5b0846de29ba5ea272ab2a0e4 200 in 1053ms
 GET /api/canton-balances?party=minted-user-33f97321%3A%3A12203f16a8f4b26778d5c8c6847dc055acf5db91e0c5b0846de29ba5ea272ab2a0e4 200 in 350ms
 GET /?page=mint 200 in 61ms
 GET /api/canton-balances?party=minted-user-33f97321%3A%3A12203f16a8f4b26778d5c8c6847dc055acf5db91e0c5b0846de29ba5ea272ab2a0e4 200 in 1094ms
 GET /api/canton-balances 200 in 1114ms
 GET /api/canton-balances?party=minted-user-33f97321%3A%3A12203f16a8f4b26778d5c8c6847dc055acf5db91e0c5b0846de29ba5ea272ab2a0e4 200 in 76ms
 GET /api/canton-balances 200 in 427ms
 GET /?page=stake 200 in 8ms
 GET /api/canton-balances 200 in 1055ms
 GET /api/canton-balances 200 in 70ms
 GET /api/canton-balances 200 in 74ms
 GET /api/canton-balances 200 in 1075ms
 GET /api/canton-balances 200 in 1045ms
 GET /api/canton-balances 200 in 243ms
 GET /?page=stake 200 in 11ms
 GET /api/canton-balances?party=minted-user-33f97321%3A%3A12203f16a8f4b26778d5c8c6847dc055acf5db91e0c5b0846de29ba5ea272ab2a0e4 200 in 185ms
 GET /api/canton-balances 200 in 132ms
 GET /api/canton-balances 200 in 240ms
 GET /api/canton-balances 200 in 254ms
 GET /api/canton-balances 200 in 263ms
 GET /api/canton-balances?party=minted-user-33f97321%3A%3A12203f16a8f4b26778d5c8c6847dc055acf5db91e0c5b0846de29ba5ea272ab2a0e4 200 in 57ms
 GET /api/canton-balances?party=minted-user-33f97321%3A%3A12203f16a8f4b26778d5c8c6847dc055acf5db91e0c5b0846de29ba5ea272ab2a0e4 200 in 248ms
 GET /api/canton-balances 200 in 255ms
 GET /api/canton-balances 200 in 90ms
 GET /api/canton-balances?party=minted-user-33f97321%3A%3A12203f16a8f4b26778d5c8c6847dc055acf5db91e0c5b0846de29ba5ea272ab2a0e4 200 in 288ms
 GET /api/canton-balances 200 in 288ms
 ✓ Compiled in 699ms (1758 modules)
 GET /api/canton-balances 200 in 1110ms
 GET /api/canton-balances 200 in 1076ms
 ✓ Compiled in 661ms (1758 modules)
 GET /api/canton-balances 200 in 1048ms
 GET /api/canton-balances 200 in 132ms
 GET /api/canton-balances 200 in 100ms
 GET /api/canton-balances 200 in 265ms
 GET /api/canton-balances 200 in 332ms
 GET /api/canton-balances 200 in 165ms
 ✓ Compiled in 685ms (1758 modules)
 GET /api/canton-balances 200 in 303ms
 ✓ Compiled in 554ms (1758 modules)
 GET /api/canton-balances 200 in 145ms
 ✓ Compiled in 505ms (1758 modules)
 GET /api/canton-balances?party=minted-user-33f97321%3A%3A12203f16a8f4b26778d5c8c6847dc055acf5db91e0c5b0846de29ba5ea272ab2a0e4 200 in 275ms
 GET /api/canton-balances 200 in 3334ms
 GET /api/canton-balances 200 in 1102ms
 GET /api/canton-balances 200 in 138ms
 ✓ Compiled in 612ms (1758 modules)
 ⨯ Error: Cannot find module './chunks/vendor-chunks/next.js'
Require stack:
- /Users/luiscuello/Minted-mUSD-Canton/frontend/.next/server/webpack-runtime.js
- /Users/luiscuello/Minted-mUSD-Canton/frontend/.next/server/pages/_document.js
- /Users/luiscuello/Minted-mUSD-Canton/frontend/node_modules/next/dist/server/require.js
- /Users/luiscuello/Minted-mUSD-Canton/frontend/node_modules/next/dist/server/load-components.js
- /Users/luiscuello/Minted-mUSD-Canton/frontend/node_modules/next/dist/build/utils.js
- /Users/luiscuello/Minted-mUSD-Canton/frontend/node_modules/next/dist/build/swc/options.js
- /Users/luiscuello/Minted-mUSD-Canton/frontend/node_modules/next/dist/build/swc/index.js
- /Users/luiscuello/Minted-mUSD-Canton/frontend/node_modules/next/dist/build/analysis/parse-module.js
- /Users/luiscuello/Minted-mUSD-Canton/frontend/node_modules/next/dist/build/analysis/get-page-static-info.js
- /Users/luiscuello/Minted-mUSD-Canton/frontend/node_modules/next/dist/server/lib/router-utils/setup-dev-bundler.js
- /Users/luiscuello/Minted-mUSD-Canton/frontend/node_modules/next/dist/server/lib/router-server.js
- /Users/luiscuello/Minted-mUSD-Canton/frontend/node_modules/next/dist/server/lib/start-server.js
    at c.f.require (.next/server/webpack-runtime.js:1:1878)
    at <unknown> (.next/server/webpack-runtime.js:1:1351)
    at Array.reduce (<anonymous>)
    at c.e (.next/server/webpack-runtime.js:1:1330)
    at Array.map (<anonymous>) {
  code: 'MODULE_NOT_FOUND',
  requireStack: [Array],
  page: '/'
}
 ✓ Compiled /_error in 308ms (1866 modules)
 GET /?page=stake 500 in 654ms
 ⨯ Error: Cannot find module './chunks/vendor-chunks/next.js'
Require stack:
- /Users/luiscuello/Minted-mUSD-Canton/frontend/.next/server/webpack-runtime.js
- /Users/luiscuello/Minted-mUSD-Canton/frontend/.next/server/pages/_document.js
- /Users/luiscuello/Minted-mUSD-Canton/frontend/node_modules/next/dist/server/require.js
- /Users/luiscuello/Minted-mUSD-Canton/frontend/node_modules/next/dist/server/load-components.js
- /Users/luiscuello/Minted-mUSD-Canton/frontend/node_modules/next/dist/build/utils.js
- /Users/luiscuello/Minted-mUSD-Canton/frontend/node_modules/next/dist/build/swc/options.js
- /Users/luiscuello/Minted-mUSD-Canton/frontend/node_modules/next/dist/build/swc/index.js
- /Users/luiscuello/Minted-mUSD-Canton/frontend/node_modules/next/dist/build/analysis/parse-module.js
- /Users/luiscuello/Minted-mUSD-Canton/frontend/node_modules/next/dist/build/analysis/get-page-static-info.js
- /Users/luiscuello/Minted-mUSD-Canton/frontend/node_modules/next/dist/server/lib/router-utils/setup-dev-bundler.js
- /Users/luiscuello/Minted-mUSD-Canton/frontend/node_modules/next/dist/server/lib/router-server.js
- /Users/luiscuello/Minted-mUSD-Canton/frontend/node_modules/next/dist/server/lib/start-server.js
    at c.f.require (.next/server/webpack-runtime.js:1:1878)
    at <unknown> (.next/server/webpack-runtime.js:1:1351)
    at Array.reduce (<anonymous>)
    at c.e (.next/server/webpack-runtime.js:1:1330)
    at Array.map (<anonymous>) {
  code: 'MODULE_NOT_FOUND',
  requireStack: [Array],
  page: '/'
}
 GET / 500 in 43ms
 ⨯ Error: Cannot find module './chunks/vendor-chunks/next.js'
Require stack:
- /Users/luiscuello/Minted-mUSD-Canton/frontend/.next/server/webpack-runtime.js
- /Users/luiscuello/Minted-mUSD-Canton/frontend/.next/server/pages/_document.js
- /Users/luiscuello/Minted-mUSD-Canton/frontend/node_modules/next/dist/server/require.js
- /Users/luiscuello/Minted-mUSD-Canton/frontend/node_modules/next/dist/server/load-components.js
- /Users/luiscuello/Minted-mUSD-Canton/frontend/node_modules/next/dist/build/utils.js
- /Users/luiscuello/Minted-mUSD-Canton/frontend/node_modules/next/dist/build/swc/options.js
- /Users/luiscuello/Minted-mUSD-Canton/frontend/node_modules/next/dist/build/swc/index.js
- /Users/luiscuello/Minted-mUSD-Canton/frontend/node_modules/next/dist/build/analysis/parse-module.js
- /Users/luiscuello/Minted-mUSD-Canton/frontend/node_modules/next/dist/build/analysis/get-page-static-info.js
- /Users/luiscuello/Minted-mUSD-Canton/frontend/node_modules/next/dist/server/lib/router-utils/setup-dev-bundler.js
- /Users/luiscuello/Minted-mUSD-Canton/frontend/node_modules/next/dist/server/lib/router-server.js
- /Users/luiscuello/Minted-mUSD-Canton/frontend/node_modules/next/dist/server/lib/start-server.js
    at c.f.require (.next/server/webpack-runtime.js:1:1878)
    at <unknown> (.next/server/webpack-runtime.js:1:1351)
    at Array.reduce (<anonymous>)
    at c.e (.next/server/webpack-runtime.js:1:1330)
    at Array.map (<anonymous>) {
  code: 'MODULE_NOT_FOUND',
  requireStack: [Array],
  page: '/'
}
 GET / 500 in 16ms
 ⨯ Error: Cannot find module './chunks/vendor-chunks/next.js'
Require stack:
- /Users/luiscuello/Minted-mUSD-Canton/frontend/.next/server/webpack-runtime.js
- /Users/luiscuello/Minted-mUSD-Canton/frontend/.next/server/pages/_document.js
- /Users/luiscuello/Minted-mUSD-Canton/frontend/node_modules/next/dist/server/require.js
- /Users/luiscuello/Minted-mUSD-Canton/frontend/node_modules/next/dist/server/load-components.js
- /Users/luiscuello/Minted-mUSD-Canton/frontend/node_modules/next/dist/build/utils.js
- /Users/luiscuello/Minted-mUSD-Canton/frontend/node_modules/next/dist/build/swc/options.js
- /Users/luiscuello/Minted-mUSD-Canton/frontend/node_modules/next/dist/build/swc/index.js
- /Users/luiscuello/Minted-mUSD-Canton/frontend/node_modules/next/dist/build/analysis/parse-module.js
- /Users/luiscuello/Minted-mUSD-Canton/frontend/node_modules/next/dist/build/analysis/get-page-static-info.js
- /Users/luiscuello/Minted-mUSD-Canton/frontend/node_modules/next/dist/server/lib/router-utils/setup-dev-bundler.js
- /Users/luiscuello/Minted-mUSD-Canton/frontend/node_modules/next/dist/server/lib/router-server.js
- /Users/luiscuello/Minted-mUSD-Canton/frontend/node_modules/next/dist/server/lib/start-server.js
    at c.f.require (.next/server/webpack-runtime.js:1:1878)
    at <unknown> (.next/server/webpack-runtime.js:1:1351)
    at Array.reduce (<anonymous>)
    at c.e (.next/server/webpack-runtime.js:1:1330)
    at Array.map (<anonymous>) {
  code: 'MODULE_NOT_FOUND',
  requireStack: [Array],
  page: '/'
}
 GET / 500 in 19ms
 ⨯ Error: Cannot find module './chunks/vendor-chunks/next.js'
Require stack:
- /Users/luiscuello/Minted-mUSD-Canton/frontend/.next/server/webpack-runtime.js
- /Users/luiscuello/Minted-mUSD-Canton/frontend/.next/server/pages/_document.js
- /Users/luiscuello/Minted-mUSD-Canton/frontend/node_modules/next/dist/server/require.js
- /Users/luiscuello/Minted-mUSD-Canton/frontend/node_modules/next/dist/server/load-components.js
- /Users/luiscuello/Minted-mUSD-Canton/frontend/node_modules/next/dist/build/utils.js
- /Users/luiscuello/Minted-mUSD-Canton/frontend/node_modules/next/dist/build/swc/options.js
- /Users/luiscuello/Minted-mUSD-Canton/frontend/node_modules/next/dist/build/swc/index.js
- /Users/luiscuello/Minted-mUSD-Canton/frontend/node_modules/next/dist/build/analysis/parse-module.js
- /Users/luiscuello/Minted-mUSD-Canton/frontend/node_modules/next/dist/build/analysis/get-page-static-info.js
- /Users/luiscuello/Minted-mUSD-Canton/frontend/node_modules/next/dist/server/lib/router-utils/setup-dev-bundler.js
- /Users/luiscuello/Minted-mUSD-Canton/frontend/node_modules/next/dist/server/lib/router-server.js
- /Users/luiscuello/Minted-mUSD-Canton/frontend/node_modules/next/dist/server/lib/start-server.js
    at c.f.require (.next/server/webpack-runtime.js:1:1878)
    at <unknown> (.next/server/webpack-runtime.js:1:1351)
    at Array.reduce (<anonymous>)
    at c.e (.next/server/webpack-runtime.js:1:1330)
    at Array.map (<anonymous>) {
  code: 'MODULE_NOT_FOUND',
  requireStack: [Array],
  page: '/'
}
 GET / 500 in 59ms
 ✓ Compiled in 553ms (1866 modules)
 ✓ Compiled in 630ms (1866 modules)
 ✓ Compiled in 842ms (1735 modules)
 ✓ Compiled in 1017ms (1735 modules)
 ✓ Compiled in 558ms (1735 modules)
 ✓ Compiled in 449ms (1735 modules)
 ✓ Compiled in 1376ms (1735 modules)
 ✓ Compiled in 643ms (1735 modules)
 ✓ Compiled in 784ms (1735 modules)
 ✓ Compiled in 396ms (1735 modules)
 GET / 200 in 76ms
 ✓ Compiled /api/canton-balances in 287ms (248 modules)
 GET /api/canton-balances?party=minted-user-33f97321%3A%3A12203f16a8f4b26778d5c8c6847dc055acf5db91e0c5b0846de29ba5ea272ab2a0e4 200 in 1419ms
 GET /api/canton-balances 200 in 110ms
 GET /api/canton-balances 200 in 311ms
 GET /api/canton-balances 200 in 1074ms
 GET /api/canton-balances 200 in 391ms
 GET /api/canton-balances 200 in 513ms
 GET /api/canton-balances?party=minted-user-33f97321%3A%3A12203f16a8f4b26778d5c8c6847dc055acf5db91e0c5b0846de29ba5ea272ab2a0e4 200 in 1104ms
 GET /api/canton-balances 200 in 231ms
 GET /api/canton-balances 200 in 95ms
 GET /api/canton-balances 200 in 296ms
 GET /api/canton-balances 200 in 1075ms
 GET /api/canton-balances?party=minted-user-33f97321%3A%3A12203f16a8f4b26778d5c8c6847dc055acf5db91e0c5b0846de29ba5ea272ab2a0e4 200 in 1079ms
 GET /api/canton-balances?party=minted-user-33f97321%3A%3A12203f16a8f4b26778d5c8c6847dc055acf5db91e0c5b0846de29ba5ea272ab2a0e4 200 in 1073ms
 GET /api/canton-balances 200 in 1076ms
 GET /api/canton-balances?party=minted-user-33f97321%3A%3A12203f16a8f4b26778d5c8c6847dc055acf5db91e0c5b0846de29ba5ea272ab2a0e4 200 in 101ms
 GET /api/canton-balances?party=minted-user-33f97321%3A%3A12203f16a8f4b26778d5c8c6847dc055acf5db91e0c5b0846de29ba5ea272ab2a0e4 200 in 240ms
 GET /api/canton-balances 200 in 99ms
 GET /api/canton-balances 200 in 92ms
 GET /api/canton-balances 200 in 93ms
 GET /api/canton-balances?party=minted-user-33f97321%3A%3A12203f16a8f4b26778d5c8c6847dc055acf5db91e0c5b0846de29ba5ea272ab2a0e4 200 in 238ms
 GET /api/canton-balances?party=minted-user-33f97321%3A%3A12203f16a8f4b26778d5c8c6847dc055acf5db91e0c5b0846de29ba5ea272ab2a0e4 200 in 1519ms
 GET /api/canton-balances 200 in 3309ms
 ✓ Compiled /api/yields in 272ms (250 modules)
 GET /api/yields?limit=30&loops=true&minTvl=1000000&minApy=3 200 in 1003ms
 ⨯ [Error: ENOENT: no such file or directory, open '/Users/luiscuello/Minted-mUSD-Canton/frontend/.next/server/pages/index.js'] {
  errno: -2,
  code: 'ENOENT',
  syscall: 'open',
  path: '/Users/luiscuello/Minted-mUSD-Canton/frontend/.next/server/pages/index.js',
  page: '/'
}
 ○ Compiling /_error ...
 ✓ Compiled /_error in 717ms (1843 modules)
 GET /?page=borrow 500 in 1036ms
 ⨯ [Error: ENOENT: no such file or directory, open '/Users/luiscuello/Minted-mUSD-Canton/frontend/.next/server/pages/index.js'] {
  errno: -2,
  code: 'ENOENT',
  syscall: 'open',
  path: '/Users/luiscuello/Minted-mUSD-Canton/frontend/.next/server/pages/index.js',
  page: '/'
}
 GET / 500 in 48ms
 ⨯ [Error: ENOENT: no such file or directory, open '/Users/luiscuello/Minted-mUSD-Canton/frontend/.next/server/pages/index.js'] {
  errno: -2,
  code: 'ENOENT',
  syscall: 'open',
  path: '/Users/luiscuello/Minted-mUSD-Canton/frontend/.next/server/pages/index.js',
  page: '/'
}
 GET / 500 in 42ms
 ⨯ [Error: ENOENT: no such file or directory, open '/Users/luiscuello/Minted-mUSD-Canton/frontend/.next/server/pages/index.js'] {
  errno: -2,
  code: 'ENOENT',
  syscall: 'open',
  path: '/Users/luiscuello/Minted-mUSD-Canton/frontend/.next/server/pages/index.js',
  page: '/'
}
 GET / 500 in 22ms
 ⨯ [Error: ENOENT: no such file or directory, open '/Users/luiscuello/Minted-mUSD-Canton/frontend/.next/server/pages/index.js'] {
  errno: -2,
  code: 'ENOENT',
  syscall: 'open',
  path: '/Users/luiscuello/Minted-mUSD-Canton/frontend/.next/server/pages/index.js',
  page: '/'
}
 GET / 500 in 259ms
 ⨯ [Error: ENOENT: no such file or directory, open '/Users/luiscuello/Minted-mUSD-Canton/frontend/.next/server/pages/index.js'] {
  errno: -2,
  code: 'ENOENT',
  syscall: 'open',
  path: '/Users/luiscuello/Minted-mUSD-Canton/frontend/.next/server/pages/index.js',
  page: '/'
}
 GET / 500 in 58ms
 ⨯ [Error: ENOENT: no such file or directory, open '/Users/luiscuello/Minted-mUSD-Canton/frontend/.next/server/pages/index.js'] {
  errno: -2,
  code: 'ENOENT',
  syscall: 'open',
  path: '/Users/luiscuello/Minted-mUSD-Canton/frontend/.next/server/pages/index.js',
  page: '/'
}
 GET / 500 in 41ms
[?25h
